time,TAUHGH,TAULOW,TAUMID,TAUTOT
2017-04-30 00:30:00,0.0,0.0,0.0,0.0
2017-04-30 01:30:00,0.0,0.0,0.0,0.0
2017-04-30 02:30:00,0.0,0.0,0.0,0.0
2017-04-30 03:30:00,0.0,0.0,0.0,0.0
2017-04-30 04:30:00,0.0,0.0,0.0,0.0
2017-04-30 05:30:00,0.0,0.0,0.0,0.0
2017-04-30 06:30:00,0.0,0.0,0.0,0.0
2017-04-30 07:30:00,0.0,0.0,0.0,0.0
2017-04-30 08:30:00,0.0,0.0,0.0,0.0
2017-04-30 09:30:00,0.0,0.0,0.0,0.0
2017-04-30 10:30:00,0.0,0.0,0.0,0.0
2017-04-30 11:30:00,0.0,0.0,0.0,0.0
2017-04-30 12:30:00,0.0,0.0,0.0,0.0
2017-04-30 13:30:00,0.0,0.0,0.0,0.0
2017-04-30 14:30:00,0.0,0.0,0.0,0.0
2017-04-30 15:30:00,0.0,0.0,0.0,0.0
2017-04-30 16:30:00,0.0,0.0,0.0,0.0
2017-04-30 17:30:00,0.0,0.0,0.0,0.0
2017-04-30 18:30:00,0.0,0.0,0.0,0.0
2017-04-30 19:30:00,0.0,0.0,0.0,0.0
2017-04-30 20:30:00,0.0,0.0,0.0,0.0
2017-04-30 21:30:00,0.0,0.0,0.0,0.0
2017-04-30 22:30:00,0.0,0.0,0.0,0.0
2017-04-30 23:30:00,0.0,0.0,0.0,0.0
2017-05-01 00:30:00,0.0,0.0,0.0,0.0
2017-05-01 01:30:00,0.0,0.0,0.0,0.0
2017-05-01 02:30:00,0.0,0.0,0.0,0.0
2017-05-01 03:30:00,0.0,0.0,0.0,0.0
2017-05-01 04:30:00,0.0,0.0,0.0,0.0
2017-05-01 05:30:00,0.0,0.0,0.0,0.0
2017-05-01 06:30:00,0.0,0.0,0.0,0.0
2017-05-01 07:30:00,0.0,0.0,0.0,0.0
2017-05-01 08:30:00,0.0,0.0,0.0,0.0
2017-05-01 09:30:00,0.0,0.0,0.0,0.0
2017-05-01 10:30:00,0.0,0.0,0.0,0.0
2017-05-01 11:30:00,0.0,0.0,0.0,0.0
2017-05-01 12:30:00,0.0,0.0,0.0,0.0
2017-05-01 13:30:00,0.0,0.0,0.0,0.0
2017-05-01 14:30:00,0.1005859375,0.0,0.0,0.1005859375
2017-05-01 15:30:00,0.0745544955134,0.0,0.0,0.074554502964
2017-05-01 16:30:00,0.22479249537,0.0,0.0,0.224792674184
2017-05-01 17:30:00,1.6806640625,0.0,0.0762025341392,1.75683605671
2017-05-01 18:30:00,1.49267590046,0.0,0.290405631065,1.78320336342
2017-05-01 19:30:00,0.688720822334,0.0,0.00988419074565,0.698731899261
2017-05-01 20:30:00,1.70849609375,0.0,0.00992215517908,1.71826171875
2017-05-01 21:30:00,3.0849609375,0.0,0.0829165652394,3.16796875
2017-05-01 22:30:00,3.6689453125,0.0,0.217956617475,3.8876953125
2017-05-01 23:30:00,3.72265625,0.0,0.421508818865,4.14453125
2017-05-02 00:30:00,3.5322265625,0.0,0.593750059605,4.125
2017-05-02 01:30:00,3.7109375,0.0,0.65673828125,4.36718797684
2017-05-02 02:30:00,4.12109375,0.0,0.790527701378,4.912109375
2017-05-02 03:30:00,4.2265625,0.0,0.93579107523,5.1640625
2017-05-02 04:30:00,4.33203125,0.0,1.12792980671,5.4609375
2017-05-02 05:30:00,4.662109375,0.0,1.10302746296,5.765625
2017-05-02 06:30:00,5.23632860184,0.0,0.991210997105,6.2265625
2017-05-02 07:30:00,6.033203125,0.0,1.22460985184,7.2578125
2017-05-02 08:30:00,6.720703125,0.0,1.44384789467,8.1640625
2017-05-02 09:30:00,7.125,0.0,1.30761754513,8.43359375
2017-05-02 10:30:00,7.12109375,0.0,0.951904296875,8.0703125
2017-05-02 11:30:00,6.068359375,0.0,0.384399473667,6.45312547684
2017-05-02 12:30:00,2.8896484375,0.0,0.00886926520616,2.89843773842
2017-05-02 13:30:00,0.407226592302,0.0,0.0,0.40722694993
2017-05-02 14:30:00,0.0,0.0,0.0,0.0
2017-05-02 15:30:00,0.0,0.0,0.0,0.0
2017-05-02 16:30:00,0.0,0.0,0.0,0.0
2017-05-02 17:30:00,0.0,0.0,0.0,0.0
2017-05-02 18:30:00,0.0,0.0,0.0,0.0
2017-05-02 19:30:00,0.0,0.0,0.0,0.0
2017-05-02 20:30:00,0.0,0.0,0.0,0.0
2017-05-02 21:30:00,0.0,0.0,0.0,0.0
2017-05-02 22:30:00,0.0,0.0,0.0,0.0
2017-05-02 23:30:00,0.0,0.0,0.0,0.0
2017-05-03 00:30:00,0.0,0.0,0.0,0.0
2017-05-03 01:30:00,0.0,0.0,0.0,0.0
2017-05-03 02:30:00,0.000897575519048,0.0,0.0,0.000897613819689
2017-05-03 03:30:00,0.0,0.0,0.0,0.0
2017-05-03 04:30:00,0.0,0.0,0.0,0.0
2017-05-03 05:30:00,0.0,0.0,0.0,0.0
2017-05-03 06:30:00,0.231628447771,0.0,0.0,0.231628760695
2017-05-03 07:30:00,2.6650390625,0.0,0.0,2.66503977776
2017-05-03 08:30:00,4.134765625,0.0,0.0,4.134765625
2017-05-03 09:30:00,3.95703125,0.0,0.0811464264989,4.0390625
2017-05-03 10:30:00,2.98828125,0.0,0.12377936393,3.11230492592
2017-05-03 11:30:00,2.9755859375,0.0,0.0,2.97558617592
2017-05-03 12:30:00,2.9169921875,0.0,0.0,2.9169921875
2017-05-03 13:30:00,2.1474609375,0.0,0.0,2.1474609375
2017-05-03 14:30:00,1.373046875,0.0,0.0,1.37304699421
2017-05-03 15:30:00,0.8642578125,0.0,0.0,0.864257872105
2017-05-03 16:30:00,0.672119259834,0.0,0.0,0.672119259834
2017-05-03 17:30:00,0.7685546875,0.0,0.151000991464,0.91967779398
2017-05-03 18:30:00,0.260131955147,0.0,0.439941763878,0.700195431709
2017-05-03 19:30:00,0.0,0.0,0.153503596783,0.153503417969
2017-05-03 20:30:00,0.0,0.0,0.0,0.0
2017-05-03 21:30:00,0.0,0.0,0.0,0.0
2017-05-03 22:30:00,0.0,0.0,0.0,0.0
2017-05-03 23:30:00,0.0,0.0,0.0,0.0
2017-05-04 00:30:00,0.0,0.0,0.0,0.0
2017-05-04 01:30:00,0.0,0.0,0.0,0.0
2017-05-04 02:30:00,0.0,0.0,0.0,0.0
2017-05-04 03:30:00,0.0,0.0,0.0,0.0
2017-05-04 04:30:00,0.0,0.0,0.0,0.0
2017-05-04 05:30:00,0.0,0.0,0.0,0.0
2017-05-04 06:30:00,0.0,0.0,0.0,0.0
2017-05-04 07:30:00,0.0,0.0,0.0,0.0
2017-05-04 08:30:00,0.0,0.0,0.0,0.0
2017-05-04 09:30:00,0.0,0.0,0.0,0.0
2017-05-04 10:30:00,0.0,0.0,0.0,0.0
2017-05-04 11:30:00,0.0,0.0,0.0,0.0
2017-05-04 12:30:00,0.0,0.0,0.0,0.0
2017-05-04 13:30:00,0.0,0.0,0.0,0.0
2017-05-04 14:30:00,0.0,0.0,0.0,0.0
2017-05-04 15:30:00,0.0,0.0,0.0,0.0
2017-05-04 16:30:00,0.0,0.0,0.0,0.0
2017-05-04 17:30:00,0.00257206801325,0.0,0.0,0.0025713017676
2017-05-04 18:30:00,0.0181732457131,0.0,0.0,0.0181732904166
2017-05-04 19:30:00,0.0938415974379,0.0,0.0,0.0938415974379
2017-05-04 20:30:00,0.0376739986241,0.0,0.0,0.0376739986241
2017-05-04 21:30:00,0.00134948233608,0.0,0.0,0.00134943507146
2017-05-04 22:30:00,0.0,0.0,0.0,0.0
2017-05-04 23:30:00,0.0,0.0,0.0,0.0
2017-05-05 00:30:00,0.0,0.0,0.0,0.0
2017-05-05 01:30:00,0.0,0.0,0.0,0.0
2017-05-05 02:30:00,0.0,0.0,0.0,0.0
2017-05-05 03:30:00,0.0,0.0,0.0,0.0
2017-05-05 04:30:00,0.0,0.0,0.0,0.0
2017-05-05 05:30:00,0.0,0.0,0.0,0.0
2017-05-05 06:30:00,0.0,0.0,0.0,0.0
2017-05-05 07:30:00,0.0,0.0,0.0,0.0
2017-05-05 08:30:00,0.000157003320055,0.0,0.0,0.000156991154654
2017-05-05 09:30:00,0.0169906690717,0.0,0.0,0.0169910974801
2017-05-05 10:30:00,0.0719299837947,0.0,0.0,0.0719299837947
2017-05-05 11:30:00,0.0772094875574,0.0,0.0,0.0772098228335
2017-05-05 12:30:00,0.0878907293081,0.0,0.0,0.087890625
2017-05-05 13:30:00,0.107666067779,0.0,0.0,0.10766608268
2017-05-05 14:30:00,0.128417983651,0.0,0.0,0.128418043256
2017-05-05 15:30:00,0.146240249276,0.0,0.0,0.146240308881
2017-05-05 16:30:00,0.151916503906,0.0,0.0,0.151916623116
2017-05-05 17:30:00,0.174194350839,0.0,0.0,0.174194484949
2017-05-05 18:30:00,0.0920716300607,0.0,0.0,0.0920716673136
2017-05-05 19:30:00,0.0480194203556,0.0,0.0,0.0480195209384
2017-05-05 20:30:00,0.11285404861,0.0,0.0,0.11285405606
2017-05-05 21:30:00,0.174377456307,0.0,0.0,0.174377515912
2017-05-05 22:30:00,0.167968764901,0.0,0.0,0.167968869209
2017-05-05 23:30:00,0.158813491464,0.0,0.0,0.158813491464
2017-05-06 00:30:00,0.143615722656,0.0,0.0,0.143615722656
2017-05-06 01:30:00,0.0926515907049,0.0,0.0,0.0926518365741
2017-05-06 02:30:00,0.0629272833467,0.0,0.0,0.0629273205996
2017-05-06 03:30:00,0.0790100172162,0.0,0.0,0.0790100246668
2017-05-06 04:30:00,0.0837097465992,0.0,0.0,0.083709962666
2017-05-06 05:30:00,0.0878296121955,0.0,0.0,0.0878302454948
2017-05-06 06:30:00,0.078704893589,0.0,0.0,0.078704893589
2017-05-06 07:30:00,0.0531463697553,0.0,0.0,0.0531463697553
2017-05-06 08:30:00,0.0422821044922,0.283813893795,0.0,0.326171875
2017-05-06 09:30:00,0.0162124726921,0.84545904398,0.0,0.86157232523
2017-05-06 10:30:00,0.0,1.51855480671,0.0,1.51855480671
2017-05-06 11:30:00,0.0,2.03613305092,0.0,2.0361328125
2017-05-06 12:30:00,0.0,1.95507824421,0.0,1.95507824421
2017-05-06 13:30:00,0.0,1.65478527546,0.0,1.65478515625
2017-05-06 14:30:00,0.0,1.08789229393,0.0,1.087890625
2017-05-06 15:30:00,0.0,2.0107421875,0.0,2.0107421875
2017-05-06 16:30:00,0.0,1.49267601967,0.0,1.49267625809
2017-05-06 17:30:00,0.0,0.0,0.0,0.0
2017-05-06 18:30:00,0.0,0.0,0.0,0.0
2017-05-06 19:30:00,0.0,0.0,0.0,0.0
2017-05-06 20:30:00,0.0,1.27099621296,0.0,1.27099609375
2017-05-06 21:30:00,0.0,1.78906261921,0.0,1.78906261921
2017-05-06 22:30:00,0.0,2.791015625,0.0,2.791015625
2017-05-06 23:30:00,0.0,3.36035180092,0.0,3.3603515625
2017-05-07 00:30:00,0.0,3.02734541893,0.0,3.02734375
2017-05-07 01:30:00,0.0,2.49121117592,0.0,2.49121117592
2017-05-07 02:30:00,0.0,2.18945384026,0.0,2.189453125
2017-05-07 03:30:00,0.0,1.74902379513,0.0,1.74902379513
2017-05-07 04:30:00,0.0,1.40332067013,0.0,1.40332055092
2017-05-07 05:30:00,0.0,1.32959127426,0.0,1.32959020138
2017-05-07 06:30:00,0.0,1.29687511921,0.0,1.29687523842
2017-05-07 07:30:00,0.0,1.32226610184,0.0,1.32226574421
2017-05-07 08:30:00,0.0,1.32226634026,0.0,1.32226717472
2017-05-07 09:30:00,0.0,1.54296886921,0.0,1.54296910763
2017-05-07 10:30:00,0.0,1.91406369209,0.0,1.9140625
2017-05-07 11:30:00,0.0,2.0791015625,0.0,2.07910203934
2017-05-07 12:30:00,0.0,1.56445336342,0.0,1.56445384026
2017-05-07 13:30:00,0.0,0.777588427067,0.00142913777381,0.779053270817
2017-05-07 14:30:00,0.0,2.689453125,0.0590367987752,2.74804711342
2017-05-07 15:30:00,0.0,2.49023485184,0.0563965924084,2.5458984375
2017-05-07 16:30:00,0.0,3.1318359375,0.0242846589535,3.15625023842
2017-05-07 17:30:00,0.0,3.26855516434,0.117340177298,3.38671898842
2017-05-07 18:30:00,0.0,4.380859375,6.822265625,11.203125
2017-05-07 19:30:00,0.0,2.4228515625,14.5859375,17.0078125
2017-05-07 20:30:00,0.0,7.748046875,14.3046875,22.0546875
2017-05-07 21:30:00,0.0,6.5546875,1.93115246296,8.48828220367
2017-05-07 22:30:00,0.0,1.22753930092,0.0,1.22753918171
2017-05-07 23:30:00,0.0,1.41308665276,0.0,1.41308605671
2017-05-08 00:30:00,0.0,0.904296994209,0.0,0.904296994209
2017-05-08 01:30:00,0.0,0.217224121094,0.0,0.217224866152
2017-05-08 02:30:00,0.0,0.00348012964241,0.0,0.00348034896888
2017-05-08 03:30:00,0.0,0.055389419198,0.0,0.055389419198
2017-05-08 04:30:00,0.0,0.0509035848081,0.0,0.0509035848081
2017-05-08 05:30:00,0.0,0.0126305092126,0.0,0.0126305092126
2017-05-08 06:30:00,0.0,0.0,0.0,0.0
2017-05-08 07:30:00,0.0425415299833,0.0151560846716,0.0,0.057709030807
2017-05-08 08:30:00,0.137756347656,0.0,0.0,0.137756541371
2017-05-08 09:30:00,0.152526929975,0.0,0.0,0.152526915073
2017-05-08 10:30:00,0.498657226562,0.0,0.0,0.498657345772
2017-05-08 11:30:00,1.10546875,0.0,0.0,1.10546875
2017-05-08 12:30:00,1.2529296875,0.0,0.0252228844911,1.27832055092
2017-05-08 13:30:00,1.2734375,0.0,0.451171904802,1.72460949421
2017-05-08 14:30:00,0.458251982927,0.0,1.26025414467,1.71826171875
2017-05-08 15:30:00,0.271362304688,0.0,1.13818359375,1.40966808796
2017-05-08 16:30:00,1.22412109375,0.0,0.838378965855,2.0625
2017-05-08 17:30:00,2.19140648842,0.0,0.0419921875,2.2333984375
2017-05-08 18:30:00,0.235778808594,0.0,0.0,0.235779002309
2017-05-08 19:30:00,0.0,0.0,0.0,0.0
2017-05-08 20:30:00,0.142211943865,0.0,0.0,0.142212614417
2017-05-08 21:30:00,0.39624029398,0.0,0.0,0.396240323782
2017-05-08 22:30:00,0.017669711262,0.0,0.0,0.0176697056741
2017-05-08 23:30:00,0.512451291084,0.0,0.0,0.512451469898
2017-05-09 00:30:00,1.390625,0.0,0.0,1.390625
2017-05-09 01:30:00,0.55444341898,0.0,0.0,0.554443478584
2017-05-09 02:30:00,0.34265139699,0.0,0.0,0.342651456594
2017-05-09 03:30:00,0.0924988016486,0.0,0.0,0.0924987867475
2017-05-09 04:30:00,0.0,0.0,0.0,0.0
2017-05-09 05:30:00,0.0,0.0,0.0,0.0
2017-05-09 06:30:00,0.0,0.0,0.0,0.0
2017-05-09 07:30:00,0.0,0.0,0.0,0.0
2017-05-09 08:30:00,0.0,0.0,0.0,0.0
2017-05-09 09:30:00,0.0,0.0,0.0,0.0
2017-05-09 10:30:00,0.0,0.0,0.0,0.0
2017-05-09 11:30:00,0.0,0.0,0.0,0.0
2017-05-09 12:30:00,0.0,0.0,0.0,0.0
2017-05-09 13:30:00,0.0,0.0,0.0,0.0
2017-05-09 14:30:00,0.0136413807049,0.0,0.0886841192842,0.102325730026
2017-05-09 15:30:00,0.0527038760483,0.0,0.523681759834,0.576416194439
2017-05-09 16:30:00,0.0271913148463,0.0,0.493408203125,0.520508229733
2017-05-09 17:30:00,0.0,0.0,0.0787354037166,0.078735485673
2017-05-09 18:30:00,0.0159530639648,0.0,0.0,0.0159534979612
2017-05-09 19:30:00,0.0487060695887,0.0,0.0,0.0487064234912
2017-05-09 20:30:00,0.119751125574,0.0,0.0,0.119750991464
2017-05-09 21:30:00,0.141418471932,0.0,0.0,0.141418471932
2017-05-09 22:30:00,0.080993719399,0.0,0.0,0.0809937641025
2017-05-09 23:30:00,0.0118179889396,0.0,0.0,0.0118181053549
2017-05-10 00:30:00,0.0,0.0,0.0,0.0
2017-05-10 01:30:00,0.0022382743191,0.0,0.0,0.00223740842193
2017-05-10 02:30:00,0.012409212999,0.0,0.0,0.012409822084
2017-05-10 03:30:00,0.0023298303131,0.0,0.0,0.00232988130301
2017-05-10 04:30:00,0.0,0.0,0.0,0.0
2017-05-10 05:30:00,0.0,0.0,0.0,0.0
2017-05-10 06:30:00,0.0,0.00158078805543,0.0,0.00158076314256
2017-05-10 07:30:00,0.0,0.0449386797845,0.0,0.0449374951422
2017-05-10 08:30:00,0.0,0.100677698851,0.0,0.100678175688
2017-05-10 09:30:00,0.0,0.25293058157,0.0,0.252929717302
2017-05-10 10:30:00,0.0,0.390991777182,0.0,0.39099162817
2017-05-10 11:30:00,0.0,0.499755859375,0.0,0.499755859375
2017-05-10 12:30:00,0.0,0.406005889177,0.0,0.406005889177
2017-05-10 13:30:00,0.0,0.0,0.0,0.0
2017-05-10 14:30:00,0.0,7.02343797684,0.0,7.02343797684
2017-05-10 15:30:00,0.0,18.578125,4.763671875,23.3359375
2017-05-10 16:30:00,0.0,19.6484375,7.072265625,26.71875
2017-05-10 17:30:00,0.0,12.796875,27.0078125,39.796875
2017-05-10 18:30:00,0.0966491773725,16.6484375,29.3671875,46.109375
2017-05-10 19:30:00,1.55712890625,14.6796875,32.71875,48.953125
2017-05-10 20:30:00,2.263671875,32.671875,18.015625,52.953125
2017-05-10 21:30:00,4.236328125,29.140625,1.66845703125,35.046875
2017-05-10 22:30:00,10.078125,41.859375,1.48583984375,53.421875
2017-05-10 23:30:00,8.4765625,32.734375,4.01953220367,45.234375
2017-05-11 00:30:00,3.1455078125,44.265625,5.28125,52.6875
2017-05-11 01:30:00,1.46337890625,45.734375,6.619140625,53.8125
2017-05-11 02:30:00,0.00757981138304,50.03125,4.916015625,54.953125
2017-05-11 03:30:00,0.0196305755526,49.5,10.37890625,59.890625
2017-05-11 04:30:00,0.495361357927,47.171875,13.109375,60.78125
2017-05-11 05:30:00,1.88623046875,42.140625,13.29296875,57.328125
2017-05-11 06:30:00,3.8076171875,24.2265625,12.140625,40.171875
2017-05-11 07:30:00,4.8671875,15.59765625,11.296875,31.765625
2017-05-11 08:30:00,1.83349609375,16.859375,10.4296875,29.125
2017-05-11 09:30:00,0.374877929688,17.46875,10.08984375,27.9375
2017-05-11 10:30:00,0.0532226897776,18.4921875,8.5390625,27.0859375
2017-05-11 11:30:00,0.0705566480756,20.75,8.265625,29.0859375
2017-05-11 12:30:00,0.0466766469181,18.9765625,10.63671875,29.6640625
2017-05-11 13:30:00,0.959960997105,15.50390625,13.94140625,30.4062519073
2017-05-11 14:30:00,0.0,12.4414072037,15.50390625,27.9453125
2017-05-11 15:30:00,0.0,12.66796875,16.5234375,29.1875019073
2017-05-11 16:30:00,0.259033232927,10.6796875,14.16796875,25.109375
2017-05-11 17:30:00,0.0277710091323,11.59375,14.609375,26.234375
2017-05-11 18:30:00,0.133728042245,12.9179697037,15.24609375,28.296875
2017-05-11 19:30:00,1.216796875,16.0234375,14.625,31.8671875
2017-05-11 20:30:00,1.91650390625,16.3203125,15.5859375,33.8125
2017-05-11 21:30:00,0.54833984375,15.02734375,16.890625,32.46875
2017-05-11 22:30:00,0.893798828125,14.7187519073,17.75,33.359375
2017-05-11 23:30:00,0.683837890625,12.62109375,17.0625,30.3671875
2017-05-12 00:30:00,2.8369140625,13.1562509537,16.9296875,32.921875
2017-05-12 01:30:00,2.109375,15.12890625,15.1289072037,32.375
2017-05-12 02:30:00,1.74169921875,13.61328125,15.2539072037,30.609375
2017-05-12 03:30:00,1.2978515625,14.0625,12.67578125,28.03125
2017-05-12 04:30:00,0.670898556709,15.9453125,14.046875,30.6640625
2017-05-12 05:30:00,1.03857433796,15.9882822037,15.0234375,32.046875
2017-05-12 06:30:00,1.32763671875,15.8203134537,14.24609375,31.3984375
2017-05-12 07:30:00,1.54248046875,15.0859384537,14.92578125,31.5546875
2017-05-12 08:30:00,1.3330078125,13.60546875,12.97265625,27.9140625
2017-05-12 09:30:00,0.741455078125,13.6953134537,9.3359375,23.7734375
2017-05-12 10:30:00,1.4052734375,14.5781259537,8.64453125,24.6328125
2017-05-12 11:30:00,1.16357421875,18.765625,8.03515625,27.9609375
2017-05-12 12:30:00,1.30712890625,19.0390625,8.96875,29.3203125
2017-05-12 13:30:00,0.866699337959,18.1171875,9.80859375,28.7890625
2017-05-12 14:30:00,1.208984375,11.84765625,10.61328125,23.671875
2017-05-12 15:30:00,2.3466796875,11.9726572037,11.15625,25.4765625
2017-05-12 16:30:00,2.7197265625,38.59375,9.35546875,50.671875
2017-05-12 17:30:00,2.9140625,71.3125,7.986328125,82.1875
2017-05-12 18:30:00,3.693359375,45.671875,10.734375,60.09375
2017-05-12 19:30:00,4.65625,27.9062519073,13.0703125,45.625
2017-05-12 20:30:00,5.33203125,21.21875,15.7578125,42.3125
2017-05-12 21:30:00,4.3671875,13.375,16.21875,33.96875
2017-05-12 22:30:00,2.70703125,23.5625,14.5,40.765625
2017-05-12 23:30:00,1.31982421875,43.9375,12.05859375,57.3125
2017-05-13 00:30:00,0.58569341898,44.625,10.67578125,55.890625
2017-05-13 01:30:00,0.320434600115,50.15625,9.7578125,60.21875
2017-05-13 02:30:00,0.286987394094,8.0859375,10.53515625,18.90625
2017-05-13 03:30:00,0.210327208042,8.95703125,10.08984375,19.2578125
2017-05-13 04:30:00,0.186706572771,12.60546875,5.6953125,18.484375
2017-05-13 05:30:00,0.0123978210613,9.47656345367,2.0166015625,11.50390625
2017-05-13 06:30:00,0.0,2.83789086342,0.70947265625,3.54687523842
2017-05-13 07:30:00,0.0,0.172485530376,0.385254025459,0.557617366314
2017-05-13 08:30:00,0.0,0.14947527647,0.0544434450567,0.203918635845
2017-05-13 09:30:00,0.0,0.500488340855,0.0,0.500488340855
2017-05-13 10:30:00,0.0,0.170837789774,0.0,0.170837759972
2017-05-13 11:30:00,0.0,0.0,0.0,0.0
2017-05-13 12:30:00,0.0,0.0,0.0,0.0
2017-05-13 13:30:00,0.0,0.0,0.0,0.0
2017-05-13 14:30:00,0.0,0.0,0.0,0.0
2017-05-13 15:30:00,0.0,0.0,0.0,0.0
2017-05-13 16:30:00,0.0,0.0,0.0,0.0
2017-05-13 17:30:00,0.0,2.3837890625,1.09277355671,3.4765625
2017-05-13 18:30:00,0.0189819354564,2.68261766434,0.0,2.701171875
2017-05-13 19:30:00,0.186096206307,0.248230323195,0.0,0.434326499701
2017-05-13 20:30:00,0.333740323782,0.0,0.0,0.333740353584
2017-05-13 21:30:00,0.510009765625,0.00601463904604,0.0,0.516113698483
2017-05-13 22:30:00,1.29296875,0.0,0.0,1.29296898842
2017-05-13 23:30:00,3.091796875,0.0,0.0,3.091796875
2017-05-14 00:30:00,3.2255859375,0.0,0.0,3.2255859375
2017-05-14 01:30:00,1.06298828125,0.0,0.0,1.06298828125
2017-05-14 02:30:00,0.27282717824,0.0,0.0,0.272827535868
2017-05-14 03:30:00,0.734130859375,0.0,0.0,0.734131336212
2017-05-14 04:30:00,0.8076171875,0.0,0.0,0.807617366314
2017-05-14 05:30:00,0.54638671875,0.0,0.0,0.546386837959
2017-05-14 06:30:00,0.58154296875,0.0,0.0,0.581543028355
2017-05-14 07:30:00,0.5341796875,0.0,0.0,0.534180819988
2017-05-14 08:30:00,0.629394590855,0.0,0.0,0.629394769669
2017-05-14 09:30:00,1.498046875,0.0,0.0,1.49804759026
2017-05-14 10:30:00,2.37890625,0.0,0.0,2.37890648842
2017-05-14 11:30:00,1.40576171875,0.0,0.0,1.40576171875
2017-05-14 12:30:00,0.382690429688,0.0,0.0,0.38269123435
2017-05-14 13:30:00,0.590087890625,0.0,0.0810852274299,0.671143531799
2017-05-14 14:30:00,1.35546875,0.0,1.0234375,2.37890625
2017-05-14 15:30:00,1.80761730671,0.0,4.470703125,6.27734422684
2017-05-14 16:30:00,1.22607421875,0.0,8.50390625,9.73046875
2017-05-14 17:30:00,0.125366210938,0.0,6.982421875,7.10937547684
2017-05-14 18:30:00,0.0,0.0,3.4189453125,3.41894578934
2017-05-14 19:30:00,0.0,0.0,0.656494259834,0.656494557858
2017-05-14 20:30:00,0.0,0.0,0.0,0.0
2017-05-14 21:30:00,0.0,0.0,0.0,0.0
2017-05-14 22:30:00,0.0,0.0,0.0,0.0
2017-05-14 23:30:00,0.0,0.0,0.0,0.0
2017-05-15 00:30:00,0.0,0.0,0.0,0.0
2017-05-15 01:30:00,0.0,0.0,0.0,0.0
2017-05-15 02:30:00,0.0,0.0,0.0,0.0
2017-05-15 03:30:00,0.0,0.0,0.0,0.0
2017-05-15 04:30:00,0.0,0.0,0.0,0.0
2017-05-15 05:30:00,0.0,0.0,0.0,0.0
2017-05-15 06:30:00,0.0,0.0,0.0,0.0
2017-05-15 07:30:00,0.0,0.0,0.0,0.0
2017-05-15 08:30:00,0.0,0.0,0.0,0.0
2017-05-15 09:30:00,0.00703622912988,0.0,0.0,0.00703512458131
2017-05-15 10:30:00,0.0406799688935,0.0,0.0,0.0406819656491
2017-05-15 11:30:00,0.118225120008,0.0,0.0,0.118225648999
2017-05-15 12:30:00,0.278076171875,0.0,0.0,0.27807623148
2017-05-15 13:30:00,0.64233404398,0.0,0.0,0.64233404398
2017-05-15 14:30:00,1.255859375,0.0,0.0,1.25585949421
2017-05-15 15:30:00,1.18212890625,0.0,0.0,1.18212890625
2017-05-15 16:30:00,2.03515625,0.0,0.0643620342016,2.09960985184
2017-05-15 17:30:00,4.466796875,0.0,0.94409185648,5.41015672684
2017-05-15 18:30:00,5.666015625,0.0,1.08349633217,6.74804735184
2017-05-15 19:30:00,6.720703125,0.0,1.07861351967,7.80078172684
2017-05-15 20:30:00,6.099609375,0.0,0.399902373552,6.5
2017-05-15 21:30:00,5.2578125,0.0,0.0,5.2578125
2017-05-15 22:30:00,3.12304711342,0.0,0.0,3.12304711342
2017-05-15 23:30:00,0.429077208042,0.0,0.0,0.429077327251
2017-05-16 00:30:00,0.00882340967655,0.0767218098044,0.0,0.0855413153768
2017-05-16 01:30:00,0.0,0.620605587959,0.0,0.620605826378
2017-05-16 02:30:00,0.0277328509837,1.1928716898,0.0,1.22070324421
2017-05-16 03:30:00,0.0518188625574,0.80908292532,0.0,0.860840320587
2017-05-16 04:30:00,0.0329895094037,0.190307676792,0.0,0.223327696323
2017-05-16 05:30:00,0.0438539087772,0.0,0.0,0.0438538007438
2017-05-16 06:30:00,0.0258407797664,0.00126158143394,0.0,0.027099955827
2017-05-16 07:30:00,0.0,0.00259422953241,0.0,0.00259402603842
2017-05-16 08:30:00,0.0,0.0,0.0,0.0
2017-05-16 09:30:00,0.0,0.0,0.0,0.0
2017-05-16 10:30:00,0.0,0.0,0.0,0.0
2017-05-16 11:30:00,0.0,0.026299469173,0.0,0.0262985788286
2017-05-16 12:30:00,0.0,0.147033825517,0.0,0.147033989429
2017-05-16 13:30:00,0.0,0.186341777444,0.0,0.186340510845
2017-05-16 14:30:00,0.0,1.27099645138,0.0,1.27099621296
2017-05-16 15:30:00,0.0,0.0232852436602,0.0,0.0232850257307
2017-05-16 16:30:00,0.0,1.66308617592,0.0,1.66308629513
2017-05-16 17:30:00,0.0,2.25000023842,0.0,2.25000023842
2017-05-16 18:30:00,0.0,1.50683617592,0.0,1.5068359375
2017-05-16 19:30:00,0.0,1.45605528355,0.0,1.45605516434
2017-05-16 20:30:00,0.0,1.51416051388,0.0,1.51416027546
2017-05-16 21:30:00,0.0,1.77490234375,0.0,1.77490234375
2017-05-16 22:30:00,0.0,1.85351574421,0.0,1.85351574421
2017-05-16 23:30:00,0.0,1.55126988888,0.0,1.55126976967
2017-05-17 00:30:00,0.0,1.04687511921,0.0,1.04687523842
2017-05-17 01:30:00,0.0,0.876953482628,0.0,0.876953482628
2017-05-17 02:30:00,0.0,1.00878930092,0.0,1.00878930092
2017-05-17 03:30:00,0.0,1.24511754513,0.0,1.2451171875
2017-05-17 04:30:00,0.0,1.38525402546,0.0,1.38525402546
2017-05-17 05:30:00,0.0,1.40722668171,0.0,1.40722668171
2017-05-17 06:30:00,0.0,1.26416051388,0.0,1.26416039467
2017-05-17 07:30:00,0.0,0.863282561302,0.0,0.863281369209
2017-05-17 08:30:00,0.0,0.732421994209,0.0,0.732421994209
2017-05-17 09:30:00,0.0,1.19775402546,0.0,1.19775402546
2017-05-17 10:30:00,0.0,1.69580221176,0.0,1.69580101967
2017-05-17 11:30:00,0.0,0.907715797424,0.0,0.907715797424
2017-05-17 12:30:00,0.0,0.244506910443,0.0,0.244506910443
2017-05-17 13:30:00,0.0,0.995605766773,0.0,0.995605766773
2017-05-17 14:30:00,0.0,20.3593769073,0.0,20.359375
2017-05-17 15:30:00,0.0,8.35156345367,1.50927734375,9.859375
2017-05-17 16:30:00,0.0131607241929,2.89648461342,0.0,2.91015648842
2017-05-17 17:30:00,0.0,10.0234375,3.75683617592,13.7812509537
2017-05-17 18:30:00,0.0,13.8828125,32.5,46.390625
2017-05-17 19:30:00,0.0,20.8515625,35.28125,56.140625
2017-05-17 20:30:00,0.0,36.84375,20.703125,57.5625
2017-05-17 21:30:00,0.0,34.515625,0.0422821156681,34.546875
2017-05-17 22:30:00,0.0,14.11328125,0.179321318865,14.29296875
2017-05-17 23:30:00,0.0,4.173828125,0.5537109375,4.72656297684
2017-05-18 00:30:00,0.0,3.54980516434,1.36962902546,4.91992235184
2017-05-18 01:30:00,0.0,3.52050828934,1.64160168171,5.162109375
2017-05-18 02:30:00,0.0,3.35449385643,2.18750023842,5.54101657867
2017-05-18 03:30:00,0.0,3.380859375,3.154296875,6.53515625
2017-05-18 04:30:00,0.00740058440715,5.78515625,3.66894555092,9.4609375
2017-05-18 05:30:00,0.00811388716102,38.21875,6.26953125,44.5
2017-05-18 06:30:00,0.00887682102621,55.96875,8.640625,64.625
2017-05-18 07:30:00,0.0225219726562,31.4765625,13.15234375,44.65625
2017-05-18 08:30:00,0.00707637472078,24.4375,16.046875,40.484375
2017-05-18 09:30:00,0.0,21.6953125,17.1171875,38.8125
2017-05-18 10:30:00,0.0,28.3359375,15.80859375,44.140625
2017-05-18 11:30:00,0.0,29.4375,11.57421875,41.015625
2017-05-18 12:30:00,0.0,27.5937519073,13.421875,41.015625
2017-05-18 13:30:00,0.0,25.3671875,11.6640625,37.03125
2017-05-18 14:30:00,0.0,18.015625,14.4023447037,32.421875
2017-05-18 15:30:00,0.0,28.3671875,32.171875,60.546875
2017-05-18 16:30:00,0.0,57.703125,25.6796875,83.375
2017-05-18 17:30:00,0.0,29.2734375,30.7734375,60.046875
2017-05-18 18:30:00,0.0,30.3359375,26.2421875,56.578125
2017-05-18 19:30:00,0.0,34.09375,20.15625,54.25
2017-05-18 20:30:00,0.0,25.5703125,19.7109375,45.28125
2017-05-18 21:30:00,0.0,28.0,20.09375,48.09375
2017-05-18 22:30:00,0.0,39.296875,19.7265625,59.03125
2017-05-18 23:30:00,0.0,38.484375,15.46484375,53.953125
2017-05-19 00:30:00,0.0,31.8984375,8.6640625,40.5625
2017-05-19 01:30:00,0.0,27.109375,4.931640625,32.03125
2017-05-19 02:30:00,0.0,31.84375,3.00683617592,34.859375
2017-05-19 03:30:00,0.0,39.703125,0.471313506365,40.171875
2017-05-19 04:30:00,0.0,31.7265625,0.0420380085707,31.7734394073
2017-05-19 05:30:00,0.0,8.5234375,0.0,8.5234375
2017-05-19 06:30:00,0.0,0.0,0.0,0.0
2017-05-19 07:30:00,0.0,0.0,0.0,0.0
2017-05-19 08:30:00,0.0,0.0,0.0,0.0
2017-05-19 09:30:00,0.0,0.0,0.0,0.0
2017-05-19 10:30:00,0.0,0.0,0.0,0.0
2017-05-19 11:30:00,0.0,0.0,0.0,0.0
2017-05-19 12:30:00,0.0,0.0,0.0,0.0
2017-05-19 13:30:00,0.0,0.0,0.0,0.0
2017-05-19 14:30:00,0.0,0.0,0.0,0.0
2017-05-19 15:30:00,0.0,0.0,0.0,0.0
2017-05-19 16:30:00,0.0,0.0,0.0,0.0
2017-05-19 17:30:00,0.0,0.0,0.0,0.0
2017-05-19 18:30:00,0.0,0.0,0.0,0.0
2017-05-19 19:30:00,0.0,0.0,0.0,0.0
2017-05-19 20:30:00,0.0,0.0,0.0,0.0
2017-05-19 21:30:00,0.0,0.0,0.0,0.0
2017-05-19 22:30:00,0.0,0.0,0.0,0.0
2017-05-19 23:30:00,0.0,0.0,0.0,0.0
2017-05-20 00:30:00,0.0,0.0,0.0,0.0
2017-05-20 01:30:00,0.0,0.0,0.0,0.0
2017-05-20 02:30:00,0.0,0.0,0.0,0.0
2017-05-20 03:30:00,0.0,0.0,0.0,0.0
2017-05-20 04:30:00,0.0,0.0,0.0,0.0
2017-05-20 05:30:00,0.0,0.0,0.0,0.0
2017-05-20 06:30:00,0.0,0.0,0.0,0.0
2017-05-20 07:30:00,0.0,0.0,0.0,0.0
2017-05-20 08:30:00,0.0285720843822,0.0,0.0,0.0285721365362
2017-05-20 09:30:00,0.0989990904927,0.0,0.0,0.0989991649985
2017-05-20 10:30:00,0.0578766800463,0.0,0.0,0.0578766167164
2017-05-20 11:30:00,0.0,0.0,0.0,0.0
2017-05-20 12:30:00,0.0,0.0,0.0,0.0
2017-05-20 13:30:00,0.0,0.0,0.0,0.0
2017-05-20 14:30:00,0.0,0.0,0.0,0.0
2017-05-20 15:30:00,0.0,0.0,0.0,0.0
2017-05-20 16:30:00,0.0,0.0,0.0,0.0
2017-05-20 17:30:00,0.0,0.0,0.0,0.0
2017-05-20 18:30:00,0.0,0.0,0.0,0.0
2017-05-20 19:30:00,0.0,0.0,0.0,0.0
2017-05-20 20:30:00,0.0,0.0,0.0,0.0
2017-05-20 21:30:00,0.0,0.0,0.0,0.0
2017-05-20 22:30:00,0.0,0.0,0.0,0.0
2017-05-20 23:30:00,0.00127034971956,0.0,0.0,0.00127034971956
2017-05-21 00:30:00,0.00992974173278,0.0,0.0,0.00993043091148
2017-05-21 01:30:00,0.0742797926068,0.0,0.0,0.0742798298597
2017-05-21 02:30:00,0.0213623382151,0.0,0.0,0.0213623121381
2017-05-21 03:30:00,0.0,0.0,0.0,0.0
2017-05-21 04:30:00,0.0,0.0,0.0,0.0
2017-05-21 05:30:00,0.0,0.0,0.0,0.0
2017-05-21 06:30:00,0.0,0.0,0.0,0.0
2017-05-21 07:30:00,0.0,0.0,0.0,0.0
2017-05-21 08:30:00,0.0,0.0,0.0,0.0
2017-05-21 09:30:00,0.0,0.0,0.0,0.0
2017-05-21 10:30:00,0.0,0.0,0.0,0.0
2017-05-21 11:30:00,0.0,0.0,0.0,0.0
2017-05-21 12:30:00,0.0,0.0,0.0,0.0
2017-05-21 13:30:00,0.0,0.0,0.0,0.0
2017-05-21 14:30:00,0.0,0.0,0.0,0.0
2017-05-21 15:30:00,0.0,0.0,0.0,0.0
2017-05-21 16:30:00,0.0,0.0,0.0,0.0
2017-05-21 17:30:00,0.0,0.0,0.0,0.0
2017-05-21 18:30:00,0.0,0.0,0.0,0.0
2017-05-21 19:30:00,0.00222779391333,0.0,0.0,0.00222789659165
2017-05-21 20:30:00,0.0270920749754,0.0,0.0,0.0270926840603
2017-05-21 21:30:00,0.0953979790211,0.0,0.0,0.0953983962536
2017-05-21 22:30:00,0.254028409719,0.0,0.0,0.254028409719
2017-05-21 23:30:00,0.338379025459,0.0,0.0,0.338379204273
2017-05-22 00:30:00,0.27282717824,0.0,0.0,0.27282717824
2017-05-22 01:30:00,0.11508179456,0.0,0.00201068120077,0.117096550763
2017-05-22 02:30:00,0.0123597579077,0.0,0.0815430134535,0.0939033478498
2017-05-22 03:30:00,0.00366787007079,0.0,0.130676418543,0.134339332581
2017-05-22 04:30:00,0.0512085072696,0.0,0.130371242762,0.181580543518
2017-05-22 05:30:00,0.0712280720472,0.0,0.156067550182,0.227356120944
2017-05-22 06:30:00,0.0865478888154,0.0,0.382568448782,0.46911624074
2017-05-22 07:30:00,0.298339873552,0.0,0.653320431709,0.951660215855
2017-05-22 08:30:00,0.600585997105,0.0,1.07910168171,1.6796875
2017-05-22 09:30:00,0.69750982523,0.0,1.96875047684,2.666015625
2017-05-22 10:30:00,0.535400390625,0.0,1.85253930092,2.3876953125
2017-05-22 11:30:00,0.294921994209,0.0,1.07763671875,1.37255883217
2017-05-22 12:30:00,0.243225112557,0.0,0.149536371231,0.392823010683
2017-05-22 13:30:00,0.622802853584,0.0,0.0,0.62280279398
2017-05-22 14:30:00,1.1171875,0.0,0.0,1.11718761921
2017-05-22 15:30:00,1.802734375,0.0,0.0108796972781,1.8134765625
2017-05-22 16:30:00,2.16015625,0.0,0.178527981043,2.337890625
2017-05-22 17:30:00,1.9248046875,0.0,0.438110768795,2.36328125
2017-05-22 18:30:00,1.35302746296,0.0,0.46545445919,1.81835973263
2017-05-22 19:30:00,0.365112304688,0.0,0.316284179688,0.681396603584
2017-05-22 20:30:00,0.0108032329008,0.0,0.215270996094,0.226075515151
2017-05-22 21:30:00,0.00238227983937,0.0,0.084075935185,0.0864565819502
2017-05-22 22:30:00,0.0124588049948,0.0449982210994,0.0,0.0574646703899
2017-05-22 23:30:00,0.496948242188,0.428466916084,0.0,0.925537228584
2017-05-23 00:30:00,0.92504888773,0.373779326677,0.0,1.298828125
2017-05-23 01:30:00,0.86743170023,0.257812708616,0.0,1.12548875809
2017-05-23 02:30:00,0.239990442991,0.295288920403,0.00753615563735,0.542969584465
2017-05-23 03:30:00,0.0033179433085,0.602051496506,0.00299935461953,0.608399033546
2017-05-23 04:30:00,0.000890514056664,0.842773973942,0.0,0.843750238419
2017-05-23 05:30:00,0.0532685220242,1.91503918171,0.00413344614208,1.97265636921
2017-05-23 06:30:00,0.130737319589,2.900390625,0.0636299327016,3.0947265625
2017-05-23 07:30:00,0.0134239243343,3.95312643051,9.84375,13.80859375
2017-05-23 08:30:00,0.0446167588234,3.30468797684,14.7890625,18.140625
2017-05-23 09:30:00,0.224060088396,26.96875,13.328125,40.515625
2017-05-23 10:30:00,0.33203125,28.4609375,0.0858157351613,28.875
2017-05-23 11:30:00,0.639892578125,27.8671875,0.581054866314,29.0859375
2017-05-23 12:30:00,1.140625,3.87011742592,1.50781261921,6.517578125
2017-05-23 13:30:00,0.816650390625,0.0,0.875732600689,1.6923828125
2017-05-23 14:30:00,0.59057623148,12.9609384537,0.841797113419,14.3945322037
2017-05-23 15:30:00,0.655761778355,18.5859394073,0.655517697334,19.8984375
2017-05-23 16:30:00,2.3037109375,13.46875,7.544921875,23.3203125
2017-05-23 17:30:00,2.2705078125,19.046875,12.5546875,33.875
2017-05-23 18:30:00,1.54541015625,20.59375,13.671875,35.8125
2017-05-23 19:30:00,0.80688482523,25.7421875,12.6328125,39.1875
2017-05-23 20:30:00,0.364379942417,33.609375,4.76953125,38.734375
2017-05-23 21:30:00,1.12060546875,24.140625,3.05273461342,28.3125
2017-05-23 22:30:00,3.6259765625,0.630859613419,4.05078125,8.30859375
2017-05-23 23:30:00,9.53515625,0.616455614567,8.4453125,18.5937519073
2017-05-24 00:30:00,6.64453125,0.752197384834,8.17578125,15.5703125
2017-05-24 01:30:00,2.1767578125,0.910156786442,5.580078125,8.66796875
2017-05-24 02:30:00,0.878173947334,0.948486685753,5.064453125,6.89062595367
2017-05-24 03:30:00,0.87817388773,0.799316704273,6.060546875,7.73828125
2017-05-24 04:30:00,1.10986328125,0.575684428215,5.798828125,7.48437547684
2017-05-24 05:30:00,1.18212890625,0.460694402456,5.75,7.39257860184
2017-05-24 06:30:00,1.04736328125,0.485596030951,6.603515625,8.13671875
2017-05-24 07:30:00,1.001953125,0.467652380466,8.01171875,9.48046875
2017-05-24 08:30:00,0.976074278355,0.372436672449,9.4140625,10.76171875
2017-05-24 09:30:00,0.476928770542,0.278198421001,10.69921875,11.453125
2017-05-24 10:30:00,0.2880859375,0.201782777905,11.03125,11.5234375
2017-05-24 11:30:00,1.20361328125,0.0499421209097,9.59765625,10.8515625
2017-05-24 12:30:00,2.955078125,0.00816362071782,12.65234375,15.61328125
2017-05-24 13:30:00,3.2705078125,0.0,14.171875,17.4375
2017-05-24 14:30:00,2.970703125,10.5195331573,16.234375,29.7265625
2017-05-24 15:30:00,3.6640625,29.3359375,16.875,49.875
2017-05-24 16:30:00,3.978515625,40.8125,16.6875,61.484375
2017-05-24 17:30:00,3.96484375,24.015625,16.5390625,44.515625
2017-05-24 18:30:00,3.94921875,21.2109375,16.1796875,41.34375
2017-05-24 19:30:00,3.470703125,11.1484384537,16.140625,30.7578125
2017-05-24 20:30:00,3.84765625,2.14746141434,15.46484375,21.4609375
2017-05-24 21:30:00,3.9287109375,0.0,16.3828125,20.3046875
2017-05-24 22:30:00,2.8564453125,0.00902973487973,17.0234375,19.8828125
2017-05-24 23:30:00,0.453125,0.0447387807071,15.49609375,15.9921875
2017-05-25 00:30:00,0.0,0.0298160724342,11.7109375,11.7421875
2017-05-25 01:30:00,0.0,7.12890625,7.91796875,15.046875
2017-05-25 02:30:00,0.0,24.7421875,6.4140625,31.15625
2017-05-25 03:30:00,0.0,52.46875,6.8125,59.28125
2017-05-25 04:30:00,0.0,37.8125,9.98046875,47.796875
2017-05-25 05:30:00,0.0,16.984375,13.71484375,30.703125
2017-05-25 06:30:00,0.0,21.1953125,12.125,33.3125
2017-05-25 07:30:00,0.0,27.2109375,8.08984375,35.296875
2017-05-25 08:30:00,0.0,31.3828125,7.119140625,38.5
2017-05-25 09:30:00,0.0,22.4765625,5.57421875,28.046875
2017-05-25 10:30:00,0.0,17.984375,2.82421875,20.8046875
2017-05-25 11:30:00,0.0,10.6992197037,0.212646812201,10.9101572037
2017-05-25 12:30:00,0.0,7.703125,0.0,7.703125
2017-05-25 13:30:00,0.0,22.8046875,2.54882836342,25.3515625
2017-05-25 14:30:00,0.0,43.625,21.0390625,64.65625
2017-05-25 15:30:00,0.0,39.421875,25.7578125,65.1875
2017-05-25 16:30:00,0.0,33.859375,25.7109375,59.578125
2017-05-25 17:30:00,0.0,32.5,23.9453125,56.4375
2017-05-25 18:30:00,0.0,31.7812519073,23.28125,55.0625
2017-05-25 19:30:00,0.0,33.71875,26.75,60.453125
2017-05-25 20:30:00,0.0,36.75,18.65625,55.40625
2017-05-25 21:30:00,0.0,34.921875,3.23535203934,38.15625
2017-05-25 22:30:00,0.0,6.435546875,0.0,6.435546875
2017-05-25 23:30:00,0.0,0.0,0.0,0.0
2017-05-26 00:30:00,0.0,0.0,0.0,0.0
2017-05-26 01:30:00,0.0,0.0,0.0,0.0
2017-05-26 02:30:00,0.0,0.0,0.0,0.0
2017-05-26 03:30:00,0.0,0.0,0.0,0.0
2017-05-26 04:30:00,0.0,24.7734375,0.0,24.7734375
2017-05-26 05:30:00,0.0,54.28125,0.0,54.28125
2017-05-26 06:30:00,0.0,62.53125,0.0,62.53125
2017-05-26 07:30:00,0.0,51.921875,0.0,51.921875
2017-05-26 08:30:00,0.0,49.328125,0.032547403127,49.359375
2017-05-26 09:30:00,0.0,50.71875,0.900390744209,51.625
2017-05-26 10:30:00,0.0,45.875,1.35205090046,47.21875
2017-05-26 11:30:00,0.0,50.828125,0.839111626148,51.671875
2017-05-26 12:30:00,0.0,61.890625,0.306762725115,62.203125
2017-05-26 13:30:00,0.0,33.921875,11.4765625,45.390625
2017-05-26 14:30:00,0.0,6.06640625,9.76953125,15.8359375
2017-05-26 15:30:00,0.0,3.56640648842,3.3232421875,6.89062547684
2017-05-26 16:30:00,0.0,3.57226586342,5.23046875,8.80078220367
2017-05-26 17:30:00,0.0,3.62109375,14.94140625,18.5625
2017-05-26 18:30:00,0.0,3.41894555092,15.19921875,18.6171875
2017-05-26 19:30:00,0.0,6.103515625,23.5234375,29.625
2017-05-26 20:30:00,0.0,9.2890625,21.390625,30.6796875
2017-05-26 21:30:00,0.0,12.20703125,3.21582055092,15.421875
2017-05-26 22:30:00,0.0,0.0,0.0,0.0
2017-05-26 23:30:00,0.0,0.00107869983185,0.0,0.0010788871441
2017-05-27 00:30:00,0.0,0.0905151888728,0.0,0.0905151441693
2017-05-27 01:30:00,0.0,1.96582055092,0.0,1.96582126617
2017-05-27 02:30:00,0.0,16.265625,0.0,16.265625
2017-05-27 03:30:00,0.0,20.0703144073,0.0,20.0703125
2017-05-27 04:30:00,0.0,11.2656259537,0.0,11.2656259537
2017-05-27 05:30:00,0.0,0.0466614626348,0.0,0.0466618798673
2017-05-27 06:30:00,0.0,0.016426121816,0.0,0.0164261013269
2017-05-27 07:30:00,0.0,0.0,0.0,0.0
2017-05-27 08:30:00,0.0,0.0,0.0,0.0
2017-05-27 09:30:00,0.0,0.0,0.0,0.0
2017-05-27 10:30:00,0.0,0.0,0.0,0.0
2017-05-27 11:30:00,0.0,0.0,0.0,0.0
2017-05-27 12:30:00,0.0,0.0,0.0,0.0
2017-05-27 13:30:00,0.0,0.0,0.0,0.0
2017-05-27 14:30:00,0.0,0.0,0.0,0.0
2017-05-27 15:30:00,0.0,0.0,0.0,0.0
2017-05-27 16:30:00,0.0,0.0,0.0,0.0
2017-05-27 17:30:00,0.0,0.0,0.0,0.0
2017-05-27 18:30:00,0.0,0.0,0.0,0.0
2017-05-27 19:30:00,0.0,0.0,0.0,0.0
2017-05-27 20:30:00,0.0,0.0,0.0,0.0
2017-05-27 21:30:00,0.0,0.0,0.0,0.0
2017-05-27 22:30:00,0.0,0.0,0.0,0.0
2017-05-27 23:30:00,0.0,0.0,0.0,0.0
2017-05-28 00:30:00,0.0,0.0,0.0,0.0
2017-05-28 01:30:00,0.0,0.0,0.0,0.0
2017-05-28 02:30:00,0.000158624068717,0.0,0.0,0.000158628652571
2017-05-28 03:30:00,0.2426148206,0.0,0.0,0.24261520803
2017-05-28 04:30:00,0.9853515625,0.0,0.0,0.985351622105
2017-05-28 05:30:00,2.0048828125,0.0,0.0,2.00488352776
2017-05-28 06:30:00,1.49218773842,0.0,0.0,1.4921875
2017-05-28 07:30:00,0.430908322334,0.0,0.0,0.430908888578
2017-05-28 08:30:00,2.7060546875,0.0,0.0203478336334,2.72656273842
2017-05-28 09:30:00,4.98046875,0.0,2.5400390625,7.52148532867
2017-05-28 10:30:00,6.23828125,0.0,7.958984375,14.1953134537
2017-05-28 11:30:00,7.357421875,0.0,11.8828125,19.2421875
2017-05-28 12:30:00,6.142578125,0.0,14.10546875,20.2500019073
2017-05-28 13:30:00,5.69140625,0.0,8.61328125,14.3046875
2017-05-28 14:30:00,1.9951171875,0.0,2.32617211342,4.322265625
2017-05-28 15:30:00,0.0999755933881,0.0,0.316894590855,0.416870474815
2017-05-28 16:30:00,0.0,0.0,0.0,0.0
2017-05-28 17:30:00,0.0,0.0,0.0,0.0
2017-05-28 18:30:00,0.0,0.0,0.0,0.0
2017-05-28 19:30:00,0.0,0.0,0.0,0.0
2017-05-28 20:30:00,0.156738355756,0.0,0.0,0.156738355756
2017-05-28 21:30:00,0.385009795427,0.0,0.0,0.38500982523
2017-05-28 22:30:00,0.280517667532,0.0,0.0,0.280517667532
2017-05-28 23:30:00,0.239562988281,0.0,0.0,0.239563569427
2017-05-29 00:30:00,0.0546875111759,0.0,0.0,0.0546875111759
2017-05-29 01:30:00,0.0,0.0,0.0,0.0
2017-05-29 02:30:00,0.0,0.0,0.0,0.0
2017-05-29 03:30:00,0.0418701544404,0.0,0.0,0.041870214045
2017-05-29 04:30:00,0.510986328125,0.0,0.0,0.51098638773
2017-05-29 05:30:00,0.92333984375,0.0,0.0,0.923341155052
2017-05-29 06:30:00,0.155395522714,0.0,0.0,0.155395522714
2017-05-29 07:30:00,0.0632324293256,0.0,0.179077744484,0.242309719324
2017-05-29 08:30:00,0.407836943865,0.0,2.21386742592,2.6220703125
2017-05-29 09:30:00,0.347167998552,0.0,4.619140625,4.966796875
2017-05-29 10:30:00,0.189697340131,0.0,4.703125,4.892578125
2017-05-29 11:30:00,0.043579235673,0.0,2.9912109375,3.03417992592
2017-05-29 12:30:00,0.0,0.0,2.47265648842,2.47265648842
2017-05-29 13:30:00,0.0,0.0,2.4814453125,2.48144555092
2017-05-29 14:30:00,0.0,0.0,2.47461009026,2.474609375
2017-05-29 15:30:00,0.0,0.0,3.4560546875,3.4560546875
2017-05-29 16:30:00,0.0,0.422607570887,2.32421875,2.74707055092
2017-05-29 17:30:00,0.0,2.02832055092,1.50048828125,3.52929711342
2017-05-29 18:30:00,0.0,3.39355492592,1.21191442013,4.60546875
2017-05-29 19:30:00,0.0,10.59375,11.5742197037,22.171875
2017-05-29 20:30:00,0.0,3.88281321526,1.74365270138,5.626953125
2017-05-29 21:30:00,0.0,0.154358014464,0.0,0.154358014464
2017-05-29 22:30:00,0.0,0.0,0.0,0.0
2017-05-29 23:30:00,0.0,0.0,0.0,0.0
2017-05-30 00:30:00,0.0,0.0,0.0,0.0
2017-05-30 01:30:00,0.0,0.0229111611843,0.0,0.0229111611843
2017-05-30 02:30:00,0.0,0.152526944876,0.0,0.152526855469
2017-05-30 03:30:00,0.0,0.0993049219251,0.0,0.0993047356606
2017-05-30 04:30:00,0.0,0.0,0.0,0.0
2017-05-30 05:30:00,0.0,0.0,0.0,0.0
2017-05-30 06:30:00,0.0,0.0,0.0,0.0
2017-05-30 07:30:00,0.0,0.0,0.0,0.0
2017-05-30 08:30:00,0.0,0.0,0.0,0.0
2017-05-30 09:30:00,0.0,0.0,0.0,0.0
2017-05-30 10:30:00,0.0,0.0,0.00301984325051,0.00301963090897
2017-05-30 11:30:00,0.0,0.0,0.0114635759965,0.0114638842642
2017-05-30 12:30:00,0.0,0.0,0.0,0.0
2017-05-30 13:30:00,0.0,0.0,0.0,0.0
2017-05-30 14:30:00,0.0,0.0,0.0,0.0
2017-05-30 15:30:00,0.0,0.0,0.0,0.0
2017-05-30 16:30:00,0.0,0.0,0.0,0.0
2017-05-30 17:30:00,0.0,0.0,0.0,0.0
2017-05-30 18:30:00,0.0,0.0,0.0,0.0
2017-05-30 19:30:00,0.0,0.0,0.0,0.0
2017-05-30 20:30:00,0.0,0.0,0.0,0.0
2017-05-30 21:30:00,0.0,0.0,0.0,0.0
2017-05-30 22:30:00,0.0,0.0,0.0,0.0
2017-05-30 23:30:00,0.0,0.0,0.0,0.0
2017-05-31 00:30:00,0.0,0.0,0.0,0.0
2017-05-31 01:30:00,0.0,0.0,0.0,0.0
2017-05-31 02:30:00,0.0,0.0,0.0,0.0
2017-05-31 03:30:00,0.0,0.0,0.0,0.0
2017-05-31 04:30:00,0.0,0.0,0.0,0.0
2017-05-31 05:30:00,0.0,0.0,0.0,0.0
2017-05-31 06:30:00,0.0,0.0,0.0,0.0
2017-05-31 07:30:00,0.0,0.0,0.0,0.0
2017-05-31 08:30:00,0.0,0.0,0.0,0.0
2017-05-31 09:30:00,0.0,0.0,0.0,0.0
2017-05-31 10:30:00,0.0,0.0,0.0,0.0
2017-05-31 11:30:00,0.0,0.0,0.0,0.0
2017-05-31 12:30:00,0.0,0.0,0.0,0.0
2017-05-31 13:30:00,0.0,0.0,0.0,0.0
2017-05-31 14:30:00,0.0,0.0,0.0,0.0
2017-05-31 15:30:00,0.0,0.0,0.0,0.0
2017-05-31 16:30:00,0.0,0.0,0.0,0.0
2017-05-31 17:30:00,0.0,0.0,0.0,0.0
2017-05-31 18:30:00,0.0,0.0,0.0,0.0
2017-05-31 19:30:00,0.0,0.0,0.0,0.0
2017-05-31 20:30:00,0.0,0.0,0.0,0.0
2017-05-31 21:30:00,0.0,0.0,0.0,0.0
2017-05-31 22:30:00,0.0,0.0,0.0,0.0
2017-05-31 23:30:00,0.0,0.0,0.0,0.0
2017-06-01 00:30:00,0.0,0.0,0.0,0.0
2017-06-01 01:30:00,0.0,0.0,0.0,0.0
2017-06-01 02:30:00,0.0,0.0,0.0,0.0
2017-06-01 03:30:00,0.0,0.0,0.0,0.0
2017-06-01 04:30:00,0.0,0.0,0.0,0.0
2017-06-01 05:30:00,0.0,0.0,0.0,0.0
2017-06-01 06:30:00,0.0,0.0,0.0,0.0
2017-06-01 07:30:00,0.0,0.0,0.0,0.0
2017-06-01 08:30:00,0.0,0.0,0.0,0.0
2017-06-01 09:30:00,0.00922789424658,0.0,0.0,0.00922777503729
2017-06-01 10:30:00,0.132507324219,0.0,0.0,0.132507368922
2017-06-01 11:30:00,0.28051763773,0.0,0.0,0.280517607927
2017-06-01 12:30:00,0.192260816693,0.0,0.0,0.192260831594
2017-06-01 13:30:00,0.0175857972354,0.0,0.0,0.0175858773291
2017-06-01 14:30:00,0.0,0.0,0.0,0.0
2017-06-01 15:30:00,0.12109375,0.0,0.0,0.121093817055
2017-06-01 16:30:00,0.132019042969,0.0,0.0,0.132019087672
2017-06-01 17:30:00,0.130737319589,0.0,0.0,0.130737319589
2017-06-01 18:30:00,0.604004144669,0.0,0.0,0.604004442692
2017-06-01 19:30:00,1.33984375,0.0,0.0,1.33984410763
2017-06-01 20:30:00,0.52587890625,0.0,0.0,0.525879085064
2017-06-01 21:30:00,0.174865752459,0.0,0.0,0.174865752459
2017-06-01 22:30:00,1.03857421875,0.0,0.0,1.03857541084
2017-06-01 23:30:00,1.04638671875,0.0,0.0,1.04638683796
2017-06-02 00:30:00,0.64672857523,0.0,0.0,0.646728813648
2017-06-02 01:30:00,0.521972715855,0.0,0.0,0.521972775459
2017-06-02 02:30:00,0.204406782985,0.0,0.0,0.204406827688
2017-06-02 03:30:00,0.00356294005178,0.0,0.0,0.00356294005178
2017-06-02 04:30:00,0.0,0.0,0.0,0.0
2017-06-02 05:30:00,0.00573733681813,0.0,0.0,0.00573742762208
2017-06-02 06:30:00,0.0,0.0,0.0,0.0
2017-06-02 07:30:00,0.00126031145919,0.0,0.0,0.00126033404376
2017-06-02 08:30:00,0.000570577452891,0.0,0.0,0.000570535426959
2017-06-02 09:30:00,0.0063554495573,0.0,0.0,0.00635532662272
2017-06-02 10:30:00,0.0265655685216,0.0,0.0,0.0265656411648
2017-06-02 11:30:00,0.581543028355,0.0,0.0,0.581543266773
2017-06-02 12:30:00,0.948974609375,0.0,0.0,0.948974728584
2017-06-02 13:30:00,0.6845703125,0.0,0.0,0.6845703125
2017-06-02 14:30:00,0.30261233449,0.0,0.0,0.302612543106
2017-06-02 15:30:00,0.0,0.0,0.0,0.0
2017-06-02 16:30:00,0.0,0.0,0.0,0.0
2017-06-02 17:30:00,0.0,0.0,0.0,0.0
2017-06-02 18:30:00,0.0138588119298,0.0,0.0,0.0138588072732
2017-06-02 19:30:00,0.0447389632463,0.0,0.0,0.0447393320501
2017-06-02 20:30:00,0.00347045832314,0.0,0.0,0.0034704413265
2017-06-02 21:30:00,0.012165077962,0.0,0.0,0.0121655967087
2017-06-02 22:30:00,0.0430603325367,0.0,0.0,0.0430605821311
2017-06-02 23:30:00,0.110076904297,0.0,0.0,0.110076926649
2017-06-03 00:30:00,0.25817874074,0.0,0.0,0.258178710938
2017-06-03 01:30:00,0.132263183594,0.0,0.0,0.132263228297
2017-06-03 02:30:00,0.0546264946461,0.0,0.0,0.0546265058219
2017-06-03 03:30:00,0.0755920633674,0.0,0.0,0.075592122972
2017-06-03 04:30:00,0.240173354745,0.0,0.0,0.240173563361
2017-06-03 05:30:00,0.427490234375,0.0,0.0,0.427490353584
2017-06-03 06:30:00,0.709472715855,0.0,0.0,0.709472835064
2017-06-03 07:30:00,0.47802734375,0.0,0.0,0.47802734375
2017-06-03 08:30:00,0.370239257812,0.0203176122159,0.384765654802,0.775390684605
2017-06-03 09:30:00,0.68481451273,0.794434189796,2.1298828125,3.60937547684
2017-06-03 10:30:00,0.883544921875,2.14648461342,1.91113305092,4.94140672684
2017-06-03 11:30:00,0.792724609375,1.90185582638,0.9658203125,3.66015720367
2017-06-03 12:30:00,0.9794921875,0.570800900459,0.404297083616,1.95459008217
2017-06-03 13:30:00,1.34814453125,0.0739443302155,0.0134894885123,1.43554699421
2017-06-03 14:30:00,0.97900390625,0.0,0.0,0.979004085064
2017-06-03 15:30:00,0.670654296875,0.0,0.0,0.670654654503
2017-06-03 16:30:00,1.00244140625,0.0,0.0,1.00244152546
2017-06-03 17:30:00,1.59619140625,0.0,0.0,1.59619140625
2017-06-03 18:30:00,1.80029296875,0.0,0.0,1.80029296875
2017-06-03 19:30:00,1.56298828125,0.0,0.0,1.56298828125
2017-06-03 20:30:00,1.66015625,0.0,0.0,1.66015648842
2017-06-03 21:30:00,1.64599609375,0.0,0.0,1.64599621296
2017-06-03 22:30:00,1.515625,0.0,0.0,1.515625
2017-06-03 23:30:00,1.90576171875,0.0,0.0,1.90576219559
2017-06-04 00:30:00,2.42773461342,0.0,0.0,2.42773461342
2017-06-04 01:30:00,2.1826171875,0.0,0.0,2.18261766434
2017-06-04 02:30:00,1.85107433796,0.0,0.0,1.85107421875
2017-06-04 03:30:00,1.52197265625,0.0,0.0,1.5219732523
2017-06-04 04:30:00,0.497680664062,0.0,0.0,0.497680872679
2017-06-04 05:30:00,0.0,0.0,0.0,0.0
2017-06-04 06:30:00,0.0,0.0,0.0,0.0
2017-06-04 07:30:00,0.00966645032167,0.0,0.0,0.00966648571193
2017-06-04 08:30:00,0.0155830485746,0.0,0.0,0.0155831687152
2017-06-04 09:30:00,0.00110202527139,0.0,0.0,0.00110214226879
2017-06-04 10:30:00,0.0306091438979,0.0,0.0,0.0306099317968
2017-06-04 11:30:00,0.0716247707605,0.0,0.0,0.0716247707605
2017-06-04 12:30:00,0.145874038339,0.0,0.0,0.14587418735
2017-06-04 13:30:00,0.167114272714,0.0,0.0,0.167114347219
2017-06-04 14:30:00,0.312622100115,0.0,0.0,0.312622159719
2017-06-04 15:30:00,0.387085050344,0.0,0.0,0.387085318565
2017-06-04 16:30:00,1.37060546875,0.0,0.0,1.37060546875
2017-06-04 17:30:00,2.40234398842,0.0,0.0901795849204,2.49218797684
2017-06-04 18:30:00,2.7783203125,0.0,0.724853754044,3.50390648842
2017-06-04 19:30:00,2.1845703125,0.0,1.66357421875,3.84863352776
2017-06-04 20:30:00,1.53662121296,0.0,2.37597703934,3.912109375
2017-06-04 21:30:00,0.412597686052,0.0,2.46289086342,2.87597703934
2017-06-04 22:30:00,0.0284195020795,0.0,1.52002000809,1.54882836342
2017-06-04 23:30:00,0.0120659088716,0.0,0.865723013878,0.877929747105
2017-06-05 00:30:00,0.00296023651026,0.0,0.684570372105,0.687500119209
2017-06-05 01:30:00,0.0533295162022,0.0,1.16552746296,1.21875011921
2017-06-05 02:30:00,0.00222683046013,0.0,2.62890625,2.63183617592
2017-06-05 03:30:00,0.108642607927,0.0,3.3134765625,3.421875
2017-06-05 04:30:00,0.0132980542257,0.0,3.69726586342,3.7109375
2017-06-05 05:30:00,0.0,0.0,3.80859375,3.80859446526
2017-06-05 06:30:00,0.0,0.0,4.23046875,4.23046875
2017-06-05 07:30:00,0.0,0.0,5.1328125,5.1328125
2017-06-05 08:30:00,0.0,0.0,5.783203125,5.783203125
2017-06-05 09:30:00,0.0,0.0,4.67382860184,4.673828125
2017-06-05 10:30:00,0.0,0.0,3.85253930092,3.85253930092
2017-06-05 11:30:00,0.0,0.0,3.98437643051,3.98437547684
2017-06-05 12:30:00,0.0,0.0,3.25683665276,3.2568359375
2017-06-05 13:30:00,0.0,0.0,1.73291027546,1.73291027546
2017-06-05 14:30:00,0.0,0.0,2.08496117592,2.08496117592
2017-06-05 15:30:00,0.0,0.0,2.7666015625,2.76660180092
2017-06-05 16:30:00,0.0,0.0,2.349609375,2.34961032867
2017-06-05 17:30:00,0.0,0.0,1.13671886921,1.13671875
2017-06-05 18:30:00,0.0,0.0,0.458252042532,0.458252698183
2017-06-05 19:30:00,0.0,0.0,0.0,0.0
2017-06-05 20:30:00,0.0,0.0,0.0,0.0
2017-06-05 21:30:00,0.0,0.0,0.0,0.0
2017-06-05 22:30:00,0.0,0.0,0.0,0.0
2017-06-05 23:30:00,0.0,0.0,0.000223577502766,0.000223589362577
2017-06-06 00:30:00,0.0,0.0,0.0,0.0
2017-06-06 01:30:00,0.0,0.0,0.0,0.0
2017-06-06 02:30:00,0.0,0.0,0.0,0.0
2017-06-06 03:30:00,0.0,0.0,0.0,0.0
2017-06-06 04:30:00,0.0,0.0,0.0,0.0
2017-06-06 05:30:00,0.0,0.0,0.0,0.0
2017-06-06 06:30:00,0.0,0.0,0.0,0.0
2017-06-06 07:30:00,0.0,0.0,0.0,0.0
2017-06-06 08:30:00,0.0,0.0,0.0,0.0
2017-06-06 09:30:00,0.0,0.0,0.0,0.0
2017-06-06 10:30:00,0.0,0.0,0.0,0.0
2017-06-06 11:30:00,0.0,0.0,0.0,0.0
2017-06-06 12:30:00,0.0,0.0,0.0,0.0
2017-06-06 13:30:00,0.0,0.0,0.0,0.0
2017-06-06 14:30:00,0.0,0.0,0.0,0.0
2017-06-06 15:30:00,0.0,0.0,0.0,0.0
2017-06-06 16:30:00,0.0,0.0,0.0,0.0
2017-06-06 17:30:00,0.0,0.0,0.0,0.0
2017-06-06 18:30:00,0.0,0.0,0.0,0.0
2017-06-06 19:30:00,0.0,0.0,0.0,0.0
2017-06-06 20:30:00,0.0,0.0,0.0,0.0
2017-06-06 21:30:00,0.0,0.0,0.0,0.0
2017-06-06 22:30:00,0.0,0.0,0.0,0.0
2017-06-06 23:30:00,0.0,0.0,0.0,0.0
2017-06-07 00:30:00,0.0,0.0,0.0,0.0
2017-06-07 01:30:00,0.0,0.0,0.0,0.0
2017-06-07 02:30:00,0.0,0.0,0.0,0.0
2017-06-07 03:30:00,0.0,0.0,0.0,0.0
2017-06-07 04:30:00,0.0,0.0,0.0,0.0
2017-06-07 05:30:00,0.0,0.0,0.0,0.0
2017-06-07 06:30:00,0.0,0.0,0.0,0.0
2017-06-07 07:30:00,0.0,0.0,0.0,0.0
2017-06-07 08:30:00,0.0,0.0,0.0,0.0
2017-06-07 09:30:00,0.0,0.121399126947,0.0258484948426,0.147216945887
2017-06-07 10:30:00,0.0,11.125,0.603271484375,11.73046875
2017-06-07 11:30:00,0.0,28.46875,1.25195324421,29.71875
2017-06-07 12:30:00,0.0,45.03125,1.53222668171,46.5625
2017-06-07 13:30:00,0.0,30.90625,1.94140625,32.84375
2017-06-07 14:30:00,0.0238723997027,32.234375,17.8125,50.0625
2017-06-07 15:30:00,0.161376953125,38.546875,13.6953125,52.40625
2017-06-07 16:30:00,0.078094497323,31.1640625,3.71484398842,34.96875
2017-06-07 17:30:00,0.0171585455537,32.0625,4.205078125,36.28125
2017-06-07 18:30:00,0.148132354021,43.984375,6.09179735184,50.21875
2017-06-07 19:30:00,0.019042994827,45.25,8.6484375,53.921875
2017-06-07 20:30:00,0.0,64.8125,8.734375,73.53125
2017-06-07 21:30:00,0.0,39.140625,8.19921875,47.34375
2017-06-07 22:30:00,0.0,16.875,7.7578125,24.6328125
2017-06-07 23:30:00,0.0,14.78125,3.50000023842,18.28125
2017-06-08 00:30:00,0.0,13.12890625,0.373291403055,13.50390625
2017-06-08 01:30:00,0.0105209629983,9.06250095367,0.260986328125,9.33203125
2017-06-08 02:30:00,0.0455475337803,7.27929782867,0.0,7.32421875
2017-06-08 03:30:00,0.0683288872242,8.875,0.0163651704788,8.9609375
2017-06-08 04:30:00,0.253051787615,13.2773447037,0.197449028492,13.7265625
2017-06-08 05:30:00,0.599609613419,9.5078125,0.454223722219,10.5625
2017-06-08 06:30:00,0.0809020996094,2.46191430092,0.10308868438,2.64550805092
2017-06-08 07:30:00,0.0,1.52343773842,0.0,1.52343821526
2017-06-08 08:30:00,0.0,1.06494152546,0.0,1.06494140625
2017-06-08 09:30:00,0.0,1.00146508217,0.0,1.00146508217
2017-06-08 10:30:00,0.0,0.250244379044,0.0,0.250244379044
2017-06-08 11:30:00,0.0,0.0,0.0,0.0
2017-06-08 12:30:00,0.0,0.0,0.0,0.0
2017-06-08 13:30:00,0.0,0.0,0.0,0.0
2017-06-08 14:30:00,0.0,0.0,0.0,0.0
2017-06-08 15:30:00,0.0,0.0,0.0,0.0
2017-06-08 16:30:00,0.0,0.0,0.0,0.0
2017-06-08 17:30:00,0.0,0.0,0.0,0.0
2017-06-08 18:30:00,0.0,0.0,0.0,0.0
2017-06-08 19:30:00,0.0,0.0,0.0101967211813,0.0101967211813
2017-06-08 20:30:00,0.0,0.0,0.0,0.0
2017-06-08 21:30:00,0.0,0.0,0.0,0.0
2017-06-08 22:30:00,0.0,0.0,0.0,0.0
2017-06-08 23:30:00,0.0,0.0,0.0,0.0
2017-06-09 00:30:00,0.0,0.0,0.0,0.0
2017-06-09 01:30:00,0.0,0.0,0.0,0.0
2017-06-09 02:30:00,0.0,0.0,0.0,0.0
2017-06-09 03:30:00,0.0,0.0,0.0,0.0
2017-06-09 04:30:00,0.00239760335535,0.0,0.0,0.00239758356474
2017-06-09 05:30:00,0.00726510537788,0.0,0.0,0.00726511096582
2017-06-09 06:30:00,0.00580216059461,0.0,0.0,0.00580225279555
2017-06-09 07:30:00,0.00160841294564,0.0,0.0,0.00160846184008
2017-06-09 08:30:00,0.0,0.0,0.0,0.0
2017-06-09 09:30:00,0.0,0.0,0.0,0.0
2017-06-09 10:30:00,0.0,0.0,0.0,0.0
2017-06-09 11:30:00,0.0,0.0,0.0,0.0
2017-06-09 12:30:00,0.0,0.0,0.0,0.0
2017-06-09 13:30:00,0.0,0.0,0.0,0.0
2017-06-09 14:30:00,0.0,0.0,0.0,0.0
2017-06-09 15:30:00,0.0,0.0,0.0,0.0
2017-06-09 16:30:00,0.0,0.0,0.0,0.0
2017-06-09 17:30:00,0.0,0.0,0.0,0.0
2017-06-09 18:30:00,0.0,0.0,0.0,0.0
2017-06-09 19:30:00,0.0,0.0,0.0,0.0
2017-06-09 20:30:00,0.0,0.0,0.0,0.0
2017-06-09 21:30:00,0.0,0.0,0.0,0.0
2017-06-09 22:30:00,0.0,0.0,0.0,0.0
2017-06-09 23:30:00,0.0,0.0,0.0,0.0
2017-06-10 00:30:00,0.0,0.0,0.0,0.0
2017-06-10 01:30:00,0.0,0.0,0.0,0.0
2017-06-10 02:30:00,0.0,0.0,0.0,0.0
2017-06-10 03:30:00,0.0,0.0,0.0,0.0
2017-06-10 04:30:00,0.0,0.0,0.0,0.0
2017-06-10 05:30:00,0.0,0.0,0.0,0.0
2017-06-10 06:30:00,0.0107193225995,0.0,0.0,0.0107193225995
2017-06-10 07:30:00,0.0224304813892,0.0,0.0,0.0224307645112
2017-06-10 08:30:00,0.0330505408347,0.0,0.0,0.0330506637692
2017-06-10 09:30:00,0.0308762155473,0.0,0.0,0.0308762155473
2017-06-10 10:30:00,0.0197296608239,0.0,0.0,0.0197297241539
2017-06-10 11:30:00,0.00394633039832,0.0,0.0,0.00394648034126
2017-06-10 12:30:00,0.0,0.0,0.0,0.0
2017-06-10 13:30:00,0.0,0.0,0.0,0.0
2017-06-10 14:30:00,0.0,0.0,0.0,0.0
2017-06-10 15:30:00,0.0,0.0,0.0,0.0
2017-06-10 16:30:00,0.0,0.0,0.0,0.0
2017-06-10 17:30:00,0.0,0.0,0.0,0.0
2017-06-10 18:30:00,0.0,0.0,0.0,0.0
2017-06-10 19:30:00,0.0,0.0,0.0,0.0
2017-06-10 20:30:00,0.0,0.0,0.0,0.0
2017-06-10 21:30:00,0.0,0.0,0.0,0.0
2017-06-10 22:30:00,0.0,0.0,0.0,0.0
2017-06-10 23:30:00,0.0,0.0,0.0,0.0
2017-06-11 00:30:00,0.0,0.0,0.0,0.0
2017-06-11 01:30:00,0.0,0.0,0.0,0.0
2017-06-11 02:30:00,0.0,0.0,0.0,0.0
2017-06-11 03:30:00,0.0,0.0,0.0,0.0
2017-06-11 04:30:00,0.0,0.0,0.0,0.0
2017-06-11 05:30:00,0.0,0.0,0.0,0.0
2017-06-11 06:30:00,0.0,0.0,0.0,0.0
2017-06-11 07:30:00,0.0,0.0,0.0,0.0
2017-06-11 08:30:00,0.0,0.0,0.0,0.0
2017-06-11 09:30:00,0.0,0.0,0.0,0.0
2017-06-11 10:30:00,0.0,0.0,0.0,0.0
2017-06-11 11:30:00,0.0,0.0,0.0,0.0
2017-06-11 12:30:00,0.0,0.0,0.0,0.0
2017-06-11 13:30:00,0.0,0.0,0.0,0.0
2017-06-11 14:30:00,0.0,0.0,0.0,0.0
2017-06-11 15:30:00,0.0,0.0,0.0,0.0
2017-06-11 16:30:00,0.0,0.0,0.0,0.0
2017-06-11 17:30:00,0.0,0.0,0.0,0.0
2017-06-11 18:30:00,0.0,0.0,0.0,0.0
2017-06-11 19:30:00,0.0,0.0,0.0,0.0
2017-06-11 20:30:00,0.0,0.0,0.0,0.0
2017-06-11 21:30:00,0.0,0.0,0.0,0.0
2017-06-11 22:30:00,0.0,0.0,0.0,0.0
2017-06-11 23:30:00,0.0,0.0,0.0,0.0
2017-06-12 00:30:00,0.0,0.0,0.0,0.0
2017-06-12 01:30:00,0.0,0.0,0.0,0.0
2017-06-12 02:30:00,0.0,0.0,0.0,0.0
2017-06-12 03:30:00,0.0,0.0,0.0,0.0
2017-06-12 04:30:00,0.0,0.0,0.0,0.0
2017-06-12 05:30:00,0.00272563146427,0.0,0.0,0.00272563030012
2017-06-12 06:30:00,0.0140953669325,0.0,0.0,0.0140953250229
2017-06-12 07:30:00,0.00224028434604,0.0,0.0,0.00224031531252
2017-06-12 08:30:00,0.0110170179978,0.0,0.0,0.0110169230029
2017-06-12 09:30:00,0.00982674676925,0.0,0.0,0.00982696376741
2017-06-12 10:30:00,0.0,0.0,0.0,0.0
2017-06-12 11:30:00,0.0,0.0,0.0,0.0
2017-06-12 12:30:00,0.0,0.0,0.0,0.0
2017-06-12 13:30:00,0.0,0.0,0.0,0.0
2017-06-12 14:30:00,0.0,0.0,0.0,0.0
2017-06-12 15:30:00,0.0,0.0,0.0,0.0
2017-06-12 16:30:00,0.0,0.0,0.0,0.0
2017-06-12 17:30:00,0.0,0.0,0.0,0.0
2017-06-12 18:30:00,0.0,0.0,0.0,0.0
2017-06-12 19:30:00,0.0,0.0,0.0,0.0
2017-06-12 20:30:00,0.0,0.0,0.0,0.0
2017-06-12 21:30:00,0.0,0.0,0.0,0.0
2017-06-12 22:30:00,0.0,0.0,0.0,0.0
2017-06-12 23:30:00,0.0,0.0,0.0,0.0
2017-06-13 00:30:00,0.0,0.0,0.0,0.0
2017-06-13 01:30:00,0.0,0.0,0.0,0.0
2017-06-13 02:30:00,0.0,0.0,0.0,0.0
2017-06-13 03:30:00,0.0,0.0,0.0,0.0
2017-06-13 04:30:00,0.0,0.0,0.0,0.0
2017-06-13 05:30:00,0.0,0.0,0.0,0.0
2017-06-13 06:30:00,0.0,0.0,0.0,0.0
2017-06-13 07:30:00,0.0,0.0,0.0,0.0
2017-06-13 08:30:00,0.0,0.0,0.0,0.0
2017-06-13 09:30:00,0.0,0.0,0.0,0.0
2017-06-13 10:30:00,0.0,0.0,0.0,0.0
2017-06-13 11:30:00,0.0,0.0,0.0,0.0
2017-06-13 12:30:00,0.0,0.0,0.0,0.0
2017-06-13 13:30:00,0.0118944272399,0.0,0.0,0.0118944393471
2017-06-13 14:30:00,0.0432130135596,0.0,0.0,0.0432130135596
2017-06-13 15:30:00,0.069427497685,0.0,0.0,0.0694275349379
2017-06-13 16:30:00,0.14312748611,0.0,0.0,0.143127456307
2017-06-13 17:30:00,0.355834960938,0.0,0.0,0.355835586786
2017-06-13 18:30:00,0.550537109375,0.0,0.0,0.550537228584
2017-06-13 19:30:00,0.457275480032,0.0,0.0,0.457275390625
2017-06-13 20:30:00,0.21728515625,0.0,0.0,0.21728529036
2017-06-13 21:30:00,0.121551543474,0.0,0.0,0.121551640332
2017-06-13 22:30:00,0.130249068141,0.0,0.0,0.130249246955
2017-06-13 23:30:00,0.265869140625,0.0,0.0,0.265869140625
2017-06-14 00:30:00,0.51416015625,0.0,0.0,0.51416015625
2017-06-14 01:30:00,0.665771484375,0.0,0.0,0.66577154398
2017-06-14 02:30:00,0.763427853584,0.0,0.0,0.763427853584
2017-06-14 03:30:00,0.91845703125,0.0,0.0,0.918457150459
2017-06-14 04:30:00,1.4443359375,0.0,0.0,1.44433605671
2017-06-14 05:30:00,1.388671875,0.0,0.0,1.38867199421
2017-06-14 06:30:00,2.244140625,0.0,0.0,2.244140625
2017-06-14 07:30:00,3.54296875,0.0,0.0,3.54296875
2017-06-14 08:30:00,3.4052734375,0.0,0.0,3.40527367592
2017-06-14 09:30:00,3.109375,0.0,0.0,3.10937547684
2017-06-14 10:30:00,2.97265625,0.0,0.0,2.97265648842
2017-06-14 11:30:00,3.57421875,0.0,0.0,3.57421875
2017-06-14 12:30:00,3.77734375,0.0,0.0,3.77734398842
2017-06-14 13:30:00,2.544921875,0.0,0.0,2.544921875
2017-06-14 14:30:00,1.44921875,0.0,0.0,1.44921875
2017-06-14 15:30:00,1.5107421875,0.0,0.0,1.51074230671
2017-06-14 16:30:00,2.314453125,0.0,0.0,2.31445336342
2017-06-14 17:30:00,3.1396484375,0.0,0.0,3.1396484375
2017-06-14 18:30:00,4.056640625,0.0,0.0,4.056640625
2017-06-14 19:30:00,4.822265625,0.0,0.0,4.822265625
2017-06-14 20:30:00,4.2421875,0.0,0.0,4.2421875
2017-06-14 21:30:00,2.53515625,0.0,0.0,2.53515625
2017-06-14 22:30:00,1.38671875,0.0,0.0,1.38671875
2017-06-14 23:30:00,0.98046875,0.0438996180892,0.0,1.02441418171
2017-06-15 00:30:00,0.9140625,0.194763273001,0.0,1.10888671875
2017-06-15 01:30:00,0.925781309605,0.170715346932,0.0,1.0966796875
2017-06-15 02:30:00,0.847412109375,0.0,0.0,0.847412109375
2017-06-15 03:30:00,0.737548828125,0.0,0.0,0.737548828125
2017-06-15 04:30:00,0.479003936052,0.0,0.0,0.479003936052
2017-06-15 05:30:00,0.239257872105,0.0,0.0,0.239257916808
2017-06-15 06:30:00,0.199401885271,0.0,0.0,0.19940212369
2017-06-15 07:30:00,0.159484878182,0.0,0.0,0.159486234188
2017-06-15 08:30:00,0.158325240016,0.0,0.0,0.158325597644
2017-06-15 09:30:00,0.2314453125,0.0,0.0,0.231445863843
2017-06-15 10:30:00,0.481079101562,0.0,0.0,0.481079161167
2017-06-15 11:30:00,0.789550840855,0.0,0.0,0.789551258087
2017-06-15 12:30:00,0.89379888773,0.0,0.0,0.893799364567
2017-06-15 13:30:00,0.834472715855,0.0,0.0,0.834472775459
2017-06-15 14:30:00,0.81201171875,0.0,0.0,0.812011778355
2017-06-15 15:30:00,0.93383795023,0.0,0.0,0.933838129044
2017-06-15 16:30:00,1.51904296875,0.0,0.0,1.51904344559
2017-06-15 17:30:00,2.8388671875,0.0,0.0,2.8388671875
2017-06-15 18:30:00,4.419921875,0.0,0.0,4.419921875
2017-06-15 19:30:00,5.81640625,0.0,0.0,5.81640625
2017-06-15 20:30:00,5.73828125,0.0,0.0,5.73828172684
2017-06-15 21:30:00,3.8984375,0.0,0.0,3.8984375
2017-06-15 22:30:00,1.84960949421,0.0,0.0,1.84960961342
2017-06-15 23:30:00,0.63208013773,0.0,0.0,0.63208013773
2017-06-16 00:30:00,0.364746123552,0.0,0.0,0.364746510983
2017-06-16 01:30:00,0.365844815969,0.0,0.0,0.365845113993
2017-06-16 02:30:00,0.53369140625,0.0,0.0,0.533691585064
2017-06-16 03:30:00,0.8056640625,0.0,0.0,0.805664122105
2017-06-16 04:30:00,1.208984375,0.0,0.0,1.20898449421
2017-06-16 05:30:00,1.51123046875,0.0,0.0,1.51123058796
2017-06-16 06:30:00,0.876953125,0.0,0.0,0.876953244209
2017-06-16 07:30:00,0.232604980469,0.0,0.0,0.232605099678
2017-06-16 08:30:00,0.175903335214,0.0,0.0,0.175903499126
2017-06-16 09:30:00,0.0960388332605,0.0,0.0,0.0960389971733
2017-06-16 10:30:00,0.00875092670321,0.156799420714,0.0,0.16558855772
2017-06-16 11:30:00,0.0,0.464721679688,0.0,0.464721858501
2017-06-16 12:30:00,0.0,0.762939631939,0.0,0.762939631939
2017-06-16 13:30:00,0.0,0.997558772564,0.0,0.997558772564
2017-06-16 14:30:00,0.0,1.08740234375,0.0,1.08740246296
2017-06-16 15:30:00,0.0,1.37646484375,0.0,1.37646496296
2017-06-16 16:30:00,0.0215835645795,2.1572265625,0.0,2.1787109375
2017-06-16 17:30:00,0.0485687330365,4.7109375,0.0,4.759765625
2017-06-16 18:30:00,0.0268020648509,31.3437519073,0.0,31.3671875
2017-06-16 19:30:00,0.0,28.9140625,4.11328125,33.03125
2017-06-16 20:30:00,0.0,17.734375,2.05664086342,19.7890625
2017-06-16 21:30:00,0.0,24.15625,2.7626953125,26.921875
2017-06-16 22:30:00,0.0,23.3984375,3.2353515625,26.6328125
2017-06-16 23:30:00,0.0,22.9921875,3.08203125,26.078125
2017-06-17 00:30:00,0.0,24.6796875,12.84375,37.515625
2017-06-17 01:30:00,0.0,22.921875,18.1640625,41.078125
2017-06-17 02:30:00,0.0,21.1171875,17.7109375,38.828125
2017-06-17 03:30:00,0.0,20.8359375,18.9765625,39.8125
2017-06-17 04:30:00,0.0,18.5937519073,21.984375,40.578125
2017-06-17 05:30:00,0.0,17.0546894073,16.3515625,33.40625
2017-06-17 06:30:00,0.0,17.6484375,6.80859375,24.453125
2017-06-17 07:30:00,0.0,20.7734375,8.203125,28.9765625
2017-06-17 08:30:00,0.0,23.0390625,7.7578125,30.796875
2017-06-17 09:30:00,0.0,25.2734375,1.16748070717,26.4375
2017-06-17 10:30:00,0.0,26.359375,2.337890625,28.703125
2017-06-17 11:30:00,0.0,27.0781269073,0.878174006939,27.953125
2017-06-17 12:30:00,0.0,23.3359394073,0.0,23.3359375
2017-06-17 13:30:00,0.0,43.125,0.0,43.125
2017-06-17 14:30:00,0.0,37.640625,0.585937798023,38.234375
2017-06-17 15:30:00,0.00104000035208,47.703125,0.0,47.703125
2017-06-17 16:30:00,0.0620576478541,25.6171875,0.0,25.6796875
2017-06-17 17:30:00,0.0013453491265,19.421875,0.0,19.421875
2017-06-17 18:30:00,0.0,1.96484386921,0.0,1.96484398842
2017-06-17 19:30:00,0.0,0.0,0.0,0.0
2017-06-17 20:30:00,0.0,0.0747682526708,0.0,0.0747688263655
2017-06-17 21:30:00,0.0,0.0307847857475,0.0,0.0307856556028
2017-06-17 22:30:00,0.0,0.149597391486,0.0,0.149597495794
2017-06-17 23:30:00,0.0,0.0,0.0,0.0
2017-06-18 00:30:00,0.0,0.0,0.0,0.0
2017-06-18 01:30:00,0.0146904001012,0.0,0.00584609387442,0.0205385070294
2017-06-18 02:30:00,0.235656753182,0.0,0.211975187063,0.447631835938
2017-06-18 03:30:00,0.621093869209,0.0,0.142395094037,0.763671994209
2017-06-18 04:30:00,1.8232421875,0.0,0.115112684667,1.93847668171
2017-06-18 05:30:00,3.509765625,0.0,0.405151724815,3.91503930092
2017-06-18 06:30:00,4.490234375,0.0,0.678955078125,5.16796875
2017-06-18 07:30:00,5.10546875,0.0,1.64794921875,6.75195360184
2017-06-18 08:30:00,5.71875,0.0,3.4208984375,9.140625
2017-06-18 09:30:00,5.49609375,0.0,3.43359446526,8.9296875
2017-06-18 10:30:00,3.07031273842,0.0,1.40917992592,4.48046970367
2017-06-18 11:30:00,0.650390625,0.0,0.0545655116439,0.705078542233
2017-06-18 12:30:00,0.713623046875,0.0,0.0,0.713623225689
2017-06-18 13:30:00,0.637451410294,0.0,0.0,0.637451410294
2017-06-18 14:30:00,0.266967773438,0.0,0.0,0.266967982054
2017-06-18 15:30:00,0.18365521729,0.0,0.0,0.183655306697
2017-06-18 16:30:00,0.877929806709,0.0,0.0,0.877929806709
2017-06-18 17:30:00,1.2333984375,0.0,0.0,1.23339855671
2017-06-18 18:30:00,0.935302734375,0.0,0.0,0.935302734375
2017-06-18 19:30:00,0.447875976562,0.0,0.0,0.447876036167
2017-06-18 20:30:00,0.150695919991,0.0,0.0,0.1506960392
2017-06-18 21:30:00,0.0,0.0,0.0,0.0
2017-06-18 22:30:00,0.0,0.0,0.0,0.0
2017-06-18 23:30:00,0.0,0.0,0.0,0.0
2017-06-19 00:30:00,0.0,0.0,0.0,0.0
2017-06-19 01:30:00,0.0,0.0,0.0,0.0
2017-06-19 02:30:00,0.0,0.0,0.0,0.0
2017-06-19 03:30:00,0.0,0.0,0.0,0.0
2017-06-19 04:30:00,0.0,0.0,0.0,0.0
2017-06-19 05:30:00,0.0,0.0,0.0,0.0
2017-06-19 06:30:00,0.0,0.0,0.0,0.0
2017-06-19 07:30:00,0.0,0.0,0.0,0.0
2017-06-19 08:30:00,0.0,0.0,0.0,0.0
2017-06-19 09:30:00,0.0,0.0,0.0,0.0
2017-06-19 10:30:00,0.0,0.0,0.0,0.0
2017-06-19 11:30:00,0.0,0.0,0.0,0.0
2017-06-19 12:30:00,0.0,0.0,0.0,0.0
2017-06-19 13:30:00,0.0,0.0,0.0,0.0
2017-06-19 14:30:00,0.0,0.0,0.0,0.0
2017-06-19 15:30:00,0.0,0.0,0.0,0.0
2017-06-19 16:30:00,0.0,0.0,0.0,0.0
2017-06-19 17:30:00,0.0817871242762,0.0,0.100830316544,0.182617247105
2017-06-19 18:30:00,0.269043028355,0.0,0.857421994209,1.12646496296
2017-06-19 19:30:00,0.389282315969,0.0,1.74707043171,2.13671922684
2017-06-19 20:30:00,1.63818359375,0.0,2.4482421875,4.0859375
2017-06-19 21:30:00,0.529052734375,0.0,1.4653326273,1.994140625
2017-06-19 22:30:00,0.000375173811335,0.0,0.699218928814,0.699707269669
2017-06-19 23:30:00,0.155090495944,0.0,1.06347680092,1.21875023842
2017-06-20 00:30:00,0.775634765625,0.0,0.475097686052,1.25048828125
2017-06-20 01:30:00,0.490478545427,0.0,0.188842877746,0.679199397564
2017-06-20 02:30:00,0.101867705584,0.0,0.166931301355,0.268799036741
2017-06-20 03:30:00,0.0874329507351,0.0,0.017547622323,0.104980938137
2017-06-20 04:30:00,0.0452575869858,0.0,0.161804273725,0.207031428814
2017-06-20 05:30:00,0.157958984375,0.0,1.45898449421,1.6171875
2017-06-20 06:30:00,2.1640625,0.0,3.2744140625,5.439453125
2017-06-20 07:30:00,2.48046898842,0.0,2.95800805092,5.439453125
2017-06-20 08:30:00,0.426269620657,0.0,0.294067591429,0.720459282398
2017-06-20 09:30:00,0.679199337959,0.0,0.0156555436552,0.694824457169
2017-06-20 10:30:00,1.19384765625,0.0,0.381958037615,1.57568371296
2017-06-20 11:30:00,2.087890625,0.0,0.631347894669,2.71875023842
2017-06-20 12:30:00,3.767578125,0.0,0.462036341429,4.22851657867
2017-06-20 13:30:00,2.9169921875,0.0,0.833984553814,3.75097751617
2017-06-20 14:30:00,1.5869140625,0.0,3.38769555092,4.97460985184
2017-06-20 15:30:00,1.97216796875,0.0,4.046875,6.01757907867
2017-06-20 16:30:00,2.01953125,0.0,4.0234375,6.04296875
2017-06-20 17:30:00,0.53930670023,0.0,3.060546875,3.599609375
2017-06-20 18:30:00,0.011451731436,0.0,2.50293016434,2.5146484375
2017-06-20 19:30:00,0.0,0.0,0.610351741314,0.6103515625
2017-06-20 20:30:00,0.0,0.0,0.0,0.0
2017-06-20 21:30:00,0.0330049060285,0.0,0.0,0.0330049060285
2017-06-20 22:30:00,0.119140684605,0.0,0.0,0.11914075166
2017-06-20 23:30:00,0.0486755520105,0.0,0.0,0.0486755594611
2017-06-21 00:30:00,0.0308990627527,0.0,0.0,0.0308992564678
2017-06-21 01:30:00,0.0296020526439,0.0,0.0,0.0296020526439
2017-06-21 02:30:00,0.0358581990004,0.0,0.0,0.0358581990004
2017-06-21 03:30:00,0.330322295427,0.0,0.0,0.330322295427
2017-06-21 04:30:00,1.8447265625,0.0,0.0225067418069,1.86718773842
2017-06-21 05:30:00,2.58300805092,0.0,0.00424586469308,2.58789086342
2017-06-21 06:30:00,3.470703125,0.0,0.0,3.47070336342
2017-06-21 07:30:00,2.8125,0.0,0.0,2.81250023842
2017-06-21 08:30:00,1.8701171875,0.0,0.0,1.87011742592
2017-06-21 09:30:00,1.24365246296,0.0,0.0,1.24365234375
2017-06-21 10:30:00,0.794433712959,0.0,0.0,0.794433772564
2017-06-21 11:30:00,0.558837890625,0.0,0.0,0.558838248253
2017-06-21 12:30:00,0.52294921875,0.0,0.0,0.52294921875
2017-06-21 13:30:00,0.618164122105,0.0,0.0,0.618164122105
2017-06-21 14:30:00,0.877441465855,0.0,0.0,0.87744140625
2017-06-21 15:30:00,0.895263850689,0.0,0.0,0.895263850689
2017-06-21 16:30:00,0.645507872105,0.0,0.0,0.645507931709
2017-06-21 17:30:00,0.833984494209,0.0,0.0,0.833984434605
2017-06-21 18:30:00,0.973876953125,0.205749720335,0.0,1.1796875
2017-06-21 19:30:00,0.310669034719,1.17236328125,0.0,1.48291015625
2017-06-21 20:30:00,0.00300983386114,0.0,0.0,0.0030098950956
2017-06-21 21:30:00,0.00168658432085,0.0,0.0,0.0016862868797
2017-06-21 22:30:00,0.305542051792,0.0,0.0,0.305542171001
2017-06-21 23:30:00,1.05224609375,0.0,0.0,1.05224621296
2017-06-22 00:30:00,1.3173828125,0.0,0.0,1.31738364697
2017-06-22 01:30:00,0.867431819439,0.326904684305,0.0,1.19433641434
2017-06-22 02:30:00,0.7724609375,0.693359375,0.0,1.4658203125
2017-06-22 03:30:00,1.41308605671,0.194398984313,0.0,1.60742390156
2017-06-22 04:30:00,2.8671875,0.00107086997014,0.0,2.86816501617
2017-06-22 05:30:00,1.57080090046,0.0,0.0,1.57080090046
2017-06-22 06:30:00,0.443359375,0.0619201995432,0.0,0.505371153355
2017-06-22 07:30:00,0.192321836948,0.00214655674063,0.0,0.194458320737
2017-06-22 08:30:00,0.0146675212309,0.0,0.0,0.0146678369492
2017-06-22 09:30:00,0.0,0.0,0.0,0.0
2017-06-22 10:30:00,0.0,0.0,0.0,0.0
2017-06-22 11:30:00,0.00786973256618,0.0,0.0,0.00787017121911
2017-06-22 12:30:00,0.0760803669691,0.0,0.0,0.0760804116726
2017-06-22 13:30:00,0.120025642216,0.0,0.0,0.120026007295
2017-06-22 14:30:00,0.21881107986,0.0,0.0,0.218811407685
2017-06-22 15:30:00,1.04345715046,0.0,0.0,1.04345715046
2017-06-22 16:30:00,3.751953125,0.0,0.0,3.751953125
2017-06-22 17:30:00,5.666015625,0.0,0.206787124276,5.873046875
2017-06-22 18:30:00,6.150390625,0.0,2.17382836342,8.32421875
2017-06-22 19:30:00,6.5390625,0.0,8.7109375,15.25
2017-06-22 20:30:00,6.60546875,0.0,12.87890625,19.484375
2017-06-22 21:30:00,5.375,0.0,14.42578125,19.8046875
2017-06-22 22:30:00,1.86669921875,0.0,12.8125,14.6796875
2017-06-22 23:30:00,0.415771514177,0.0,10.58203125,11.0
2017-06-23 00:30:00,0.136962890625,0.0,8.859375,8.99609375
2017-06-23 01:30:00,0.0,0.0,6.33984375,6.33984375
2017-06-23 02:30:00,0.0110092777759,0.0,5.93359422684,5.94531297684
2017-06-23 03:30:00,0.102661237121,0.0,6.314453125,6.41601610184
2017-06-23 04:30:00,0.198608413339,0.0,6.341796875,6.541015625
2017-06-23 05:30:00,0.331420898438,0.0,5.34960985184,5.68164110184
2017-06-23 06:30:00,0.491455107927,0.0,4.701171875,5.19335985184
2017-06-23 07:30:00,0.522216975689,0.0,3.11035180092,3.6328125
2017-06-23 08:30:00,0.0995788574219,0.0,2.5634765625,2.66308665276
2017-06-23 09:30:00,0.216857925057,0.0,2.74609398842,2.962890625
2017-06-23 10:30:00,0.36364749074,0.0,4.482421875,4.845703125
2017-06-23 11:30:00,0.545654296875,0.202454671264,4.29687547684,5.044921875
2017-06-23 12:30:00,0.93188482523,0.696045100689,5.578125,7.20703125
2017-06-23 13:30:00,1.0830078125,0.651855528355,4.876953125,6.61328125
2017-06-23 14:30:00,1.36572265625,0.0370942428708,2.07324242592,3.4755859375
2017-06-23 15:30:00,3.1044921875,0.0,0.11767604202,3.2216796875
2017-06-23 16:30:00,5.470703125,0.0,0.63745123148,6.109375
2017-06-23 17:30:00,6.146484375,0.0,2.544921875,8.69140625
2017-06-23 18:30:00,3.3212890625,0.0,1.5048828125,4.826171875
2017-06-23 19:30:00,1.1064453125,0.0,1.08251976967,2.18847680092
2017-06-23 20:30:00,1.48779296875,0.0,0.119415387511,1.60693359375
2017-06-23 21:30:00,1.39013671875,0.0,0.469970703125,1.8598638773
2017-06-23 22:30:00,0.08871460706,0.0,0.500000059605,0.588867306709
2017-06-23 23:30:00,0.0,0.0,0.155456602573,0.155456602573
2017-06-24 00:30:00,0.0,0.0,0.163635507226,0.163635462523
2017-06-24 01:30:00,0.00465206988156,0.0,0.0118256630376,0.0164796691388
2017-06-24 02:30:00,0.6962890625,0.0,0.264038175344,0.96020513773
2017-06-24 03:30:00,1.23291027546,0.0,1.15625011921,2.38964867592
2017-06-24 04:30:00,0.783935546875,0.0,4.76953125,5.552734375
2017-06-24 05:30:00,0.313842773438,0.0,6.08789110184,6.40234375
2017-06-24 06:30:00,0.691162109375,0.0,5.7578125,6.44921875
2017-06-24 07:30:00,0.54296875,0.0,6.51367235184,7.056640625
2017-06-24 08:30:00,0.0565033517778,0.0,5.373046875,5.4296875
2017-06-24 09:30:00,0.097137466073,0.0,1.46044921875,1.55761730671
2017-06-24 10:30:00,0.321899503469,0.0,0.102936372161,0.424805909395
2017-06-24 11:30:00,0.425781279802,0.0,0.175476744771,0.60107499361
2017-06-24 12:30:00,0.880126953125,0.0,0.0,0.88012701273
2017-06-24 13:30:00,1.27978515625,0.0,0.00356814521365,1.28320336342
2017-06-24 14:30:00,2.6572265625,0.0,0.474731475115,3.13183641434
2017-06-24 15:30:00,1.7060546875,0.0,0.53637701273,2.24218773842
2017-06-24 16:30:00,1.125,0.0,0.404907286167,1.52978515625
2017-06-24 17:30:00,0.457519561052,0.0,0.0348053015769,0.492431640625
2017-06-24 18:30:00,0.364990264177,0.0,0.0,0.364990353584
2017-06-24 19:30:00,0.336059570312,0.0,0.0,0.336059629917
2017-06-24 20:30:00,0.371093869209,0.0,0.0,0.371093869209
2017-06-24 21:30:00,0.66796875,0.0,0.0,0.667968809605
2017-06-24 22:30:00,1.06201183796,0.0,0.0,1.06201183796
2017-06-24 23:30:00,0.97387701273,0.0,0.0,0.973877072334
2017-06-25 00:30:00,0.36352545023,0.0,0.0,0.363525539637
2017-06-25 01:30:00,0.0547487027943,0.0,0.0,0.0547486916184
2017-06-25 02:30:00,0.00718498649076,0.0,0.0,0.00718498649076
2017-06-25 03:30:00,0.0208969265223,0.0,0.0,0.0208970792592
2017-06-25 04:30:00,0.0182037465274,0.0,0.0,0.0182040184736
2017-06-25 05:30:00,0.0,0.0,0.0,0.0
2017-06-25 06:30:00,0.0,0.0,0.0,0.0
2017-06-25 07:30:00,0.0,0.0,0.0,0.0
2017-06-25 08:30:00,0.0,0.0,0.0,0.0
2017-06-25 09:30:00,0.00768471462652,0.0,0.0671387389302,0.0748291388154
2017-06-25 10:30:00,0.0272674709558,0.0,0.220520049334,0.247741863132
2017-06-25 11:30:00,0.00245285406709,0.0,0.544921875,0.547363340855
2017-06-25 12:30:00,0.0,0.0,0.516113340855,0.516113638878
2017-06-25 13:30:00,0.0,0.0,0.100036650896,0.100036971271
2017-06-25 14:30:00,0.0,0.0,0.0,0.0
2017-06-25 15:30:00,0.0,0.0,0.0,0.0
2017-06-25 16:30:00,0.0,0.0,0.0,0.0
2017-06-25 17:30:00,0.0,0.0,0.213318184018,0.213317871094
2017-06-25 18:30:00,0.0,0.0,0.8984375,0.898437559605
2017-06-25 19:30:00,0.0,0.0,1.162109375,1.162109375
2017-06-25 20:30:00,0.0,0.0,1.302734375,1.30273449421
2017-06-25 21:30:00,0.0,0.0,1.78369140625,1.78369140625
2017-06-25 22:30:00,0.0,0.0980234667659,2.88183665276,2.97949242592
2017-06-25 23:30:00,0.0,0.3073746562,5.83203125,6.14062547684
2017-06-26 00:30:00,0.0,0.248169019818,7.06054735184,7.30859375
2017-06-26 01:30:00,0.0,0.278931230307,7.421875,7.701171875
2017-06-26 02:30:00,0.0,0.446289211512,7.203125,7.64843797684
2017-06-26 03:30:00,0.0,0.500244319439,6.2734375,6.7734375
2017-06-26 04:30:00,0.0,0.385864287615,4.421875,4.806640625
2017-06-26 05:30:00,0.0,0.149902433157,3.2900390625,3.4404296875
2017-06-26 06:30:00,0.0,0.0,3.306640625,3.306640625
2017-06-26 07:30:00,0.0,0.0,4.03125,4.03125
2017-06-26 08:30:00,0.0,0.0867309942842,3.47460961342,3.5615234375
2017-06-26 09:30:00,0.0,1.77929711342,3.4755859375,5.25585985184
2017-06-26 10:30:00,0.0,4.27539110184,4.20507860184,8.48046875
2017-06-26 11:30:00,0.0,4.90234422684,3.41113305092,8.3125
2017-06-26 12:30:00,0.0,3.26269578934,1.88378918171,5.14648485184
2017-06-26 13:30:00,0.0,6.48437547684,8.1953125,14.6796875
2017-06-26 14:30:00,0.96875,28.6562519073,30.5625,60.1875
2017-06-26 15:30:00,1.77734386921,33.6875,40.765625,76.21875
2017-06-26 16:30:00,3.1376953125,16.609375,21.625,41.375
2017-06-26 17:30:00,5.1328125,15.3828134537,13.8359375,34.359375
2017-06-26 18:30:00,3.2236328125,18.6953125,16.46875,38.390625
2017-06-26 19:30:00,1.15478515625,13.34765625,15.203125,29.703125
2017-06-26 20:30:00,0.44128420949,7.6953125,13.60546875,21.7421875
2017-06-26 21:30:00,0.0,6.091796875,17.21875,23.3125
2017-06-26 22:30:00,0.0,12.984375,19.7109375,32.703125
2017-06-26 23:30:00,0.0,23.5703125,23.25,46.8125
2017-06-27 00:30:00,0.0,27.984375,25.625,53.609375
2017-06-27 01:30:00,0.0,25.515625,26.0234375,51.53125
2017-06-27 02:30:00,0.0,23.1015625,25.4296875,48.53125
2017-06-27 03:30:00,0.0,28.125,17.84375,45.96875
2017-06-27 04:30:00,0.0,22.78125,15.55859375,38.34375
2017-06-27 05:30:00,0.0,22.515625,12.04296875,34.5625
2017-06-27 06:30:00,0.0,16.96875,9.86328125,26.828125
2017-06-27 07:30:00,0.0,30.359375,8.96484375,39.328125
2017-06-27 08:30:00,0.0,29.609375,9.859375,39.46875
2017-06-27 09:30:00,0.0,32.390625,9.234375,41.640625
2017-06-27 10:30:00,0.201293975115,37.1875,7.392578125,44.78125
2017-06-27 11:30:00,0.855957090855,43.921875,4.9375,49.71875
2017-06-27 12:30:00,0.6982421875,12.3046875,1.3271484375,14.33203125
2017-06-27 13:30:00,0.368774414062,0.0,0.114807426929,0.483642607927
2017-06-27 14:30:00,0.0183945074677,0.0,0.0,0.0183945782483
2017-06-27 15:30:00,0.0,14.6875,0.0,14.6875
2017-06-27 16:30:00,0.0,39.859375,0.0,39.859375
2017-06-27 17:30:00,0.0,55.09375,0.0,55.09375
2017-06-27 18:30:00,0.0,44.546875,0.0,44.546875
2017-06-27 19:30:00,0.0,12.1953125,0.0,12.1953125
2017-06-27 20:30:00,0.0,11.94921875,0.0,11.94921875
2017-06-27 21:30:00,0.0,13.35546875,0.0,13.35546875
2017-06-27 22:30:00,0.0,6.45703125,0.0,6.45703125
2017-06-27 23:30:00,0.0,0.0,0.0,0.0
2017-06-28 00:30:00,0.0,0.0,0.0,0.0
2017-06-28 01:30:00,0.0,0.0,0.0,0.0
2017-06-28 02:30:00,0.0,0.0,0.0,0.0
2017-06-28 03:30:00,0.0,0.0,0.0,0.0
2017-06-28 04:30:00,0.0,0.0,0.0,0.0
2017-06-28 05:30:00,0.0,0.0,0.0,0.0
2017-06-28 06:30:00,0.0,0.0,0.0,0.0
2017-06-28 07:30:00,0.0,0.0,0.0,0.0
2017-06-28 08:30:00,0.0,0.0,0.0,0.0
2017-06-28 09:30:00,0.0,0.0,0.0,0.0
2017-06-28 10:30:00,0.0,0.0,0.0,0.0
2017-06-28 11:30:00,0.0,0.00565588008612,0.0,0.00565558671951
2017-06-28 12:30:00,0.0,0.0,0.0,0.0
2017-06-28 13:30:00,0.0,0.0,0.0,0.0
2017-06-28 14:30:00,0.0,0.0,0.0,0.0
2017-06-28 15:30:00,0.0,0.995361506939,0.350097835064,1.34570324421
2017-06-28 16:30:00,0.0,0.497436702251,0.0,0.497436702251
2017-06-28 17:30:00,0.0,0.13970965147,0.0,0.139709576964
2017-06-28 18:30:00,0.0,0.6552734375,0.0,0.6552734375
2017-06-28 19:30:00,0.0,0.237243682146,0.0,0.237243682146
2017-06-28 20:30:00,0.0,0.00347163691185,0.0,0.00347163691185
2017-06-28 21:30:00,0.0,0.0,0.0,0.0
2017-06-28 22:30:00,0.0,0.0,0.0,0.0
2017-06-28 23:30:00,0.0,0.0,0.0,0.0
2017-06-29 00:30:00,0.0,0.0,0.0,0.0
2017-06-29 01:30:00,0.0,0.0,0.0,0.0
2017-06-29 02:30:00,0.0,0.0,0.0,0.0
2017-06-29 03:30:00,0.0,0.0,0.0,0.0
2017-06-29 04:30:00,0.0,0.0,0.0,0.0
2017-06-29 05:30:00,0.0,0.0,0.0,0.0
2017-06-29 06:30:00,0.0,0.0,0.0,0.0
2017-06-29 07:30:00,0.0,0.0,0.0,0.0
2017-06-29 08:30:00,0.0,0.0,0.0,0.0
2017-06-29 09:30:00,0.0,0.0,0.0,0.0
2017-06-29 10:30:00,0.0,0.0,0.0,0.0
2017-06-29 11:30:00,0.0,0.0,0.0,0.0
2017-06-29 12:30:00,0.00223168288358,0.0,0.0,0.00223189452663
2017-06-29 13:30:00,0.0807800665498,0.0,0.0,0.0807802081108
2017-06-29 14:30:00,0.606689453125,0.0,0.0,0.606689631939
2017-06-29 15:30:00,1.1591796875,0.0,0.0,1.15918004513
2017-06-29 16:30:00,1.78320324421,0.0,0.0043375454843,1.78759801388
2017-06-29 17:30:00,1.79736328125,0.0,0.118835873902,1.91650557518
2017-06-29 18:30:00,1.2958984375,0.0,0.0170288495719,1.31298935413
2017-06-29 19:30:00,0.819091916084,0.0,0.00474576279521,0.82373136282
2017-06-29 20:30:00,0.318237394094,0.0,0.0,0.318237453699
2017-06-29 21:30:00,0.00904087163508,0.0,0.0,0.00904131215066
2017-06-29 22:30:00,0.0,0.0,0.0,0.0
2017-06-29 23:30:00,0.0,0.0,0.0,0.0
