time,TOTANGSTR,TOTEXTTAU,TOTSCATAU
2017-04-30 00:30:00,1.30746877193,0.0293471701443,0.027696153149
2017-04-30 01:30:00,1.3034337759,0.0284096412361,0.0267859138548
2017-04-30 02:30:00,1.30492579937,0.0280794594437,0.0264600105584
2017-04-30 03:30:00,1.30859339237,0.0276998914778,0.0260871667415
2017-04-30 04:30:00,1.30965924263,0.0268543176353,0.0252639111131
2017-04-30 05:30:00,1.3076454401,0.0257292874157,0.0241662394255
2017-04-30 06:30:00,1.30283439159,0.0245408900082,0.0230154544115
2017-04-30 07:30:00,1.29549610615,0.0232700519264,0.0217810701579
2017-04-30 08:30:00,1.28702664375,0.021839722991,0.0203936304897
2017-04-30 09:30:00,1.27922296524,0.0203491225839,0.0189447421581
2017-04-30 10:30:00,1.27508842945,0.0190519187599,0.0176861938089
2017-04-30 11:30:00,1.27550387383,0.0181850101799,0.0168439093977
2017-04-30 12:30:00,1.28366732597,0.0179386939853,0.0166008900851
2017-04-30 13:30:00,1.29891312122,0.0181080792099,0.0167626291513
2017-04-30 14:30:00,1.31183803082,0.0185370482504,0.0171803049743
2017-04-30 15:30:00,1.23175525665,0.0217493828386,0.0201926436275
2017-04-30 16:30:00,1.24243319035,0.0246763415635,0.0229869130999
2017-04-30 17:30:00,1.24638390541,0.0284308157861,0.0265949070454
2017-04-30 18:30:00,1.2442753315,0.0317714586854,0.0298233963549
2017-04-30 19:30:00,1.25460386276,0.0352773703635,0.0332406200469
2017-04-30 20:30:00,1.25345790386,0.0381512716413,0.0360462740064
2017-04-30 21:30:00,1.24707973003,0.0396131686866,0.0374776571989
2017-04-30 22:30:00,1.23724591732,0.0392779149115,0.0371283218265
2017-04-30 23:30:00,1.22772312164,0.0377901569009,0.0356889553368
2017-05-01 00:30:00,1.22328829765,0.0362232625484,0.0341827571392
2017-05-01 01:30:00,1.22427392006,0.0347957424819,0.0328242368996
2017-05-01 02:30:00,1.22895228863,0.0330610610545,0.0311655886471
2017-05-01 03:30:00,1.23278570175,0.0306287780404,0.0288249067962
2017-05-01 04:30:00,1.23307907581,0.0282193738967,0.0264981910586
2017-05-01 05:30:00,1.23295211792,0.0264588091522,0.0248039532453
2017-05-01 06:30:00,1.23393309116,0.0253093913198,0.023704547435
2017-05-01 07:30:00,1.23308074474,0.0247500296682,0.0231803972274
2017-05-01 08:30:00,1.23318696022,0.0244212578982,0.0228611622006
2017-05-01 09:30:00,1.23465538025,0.0244024209678,0.022854110226
2017-05-01 10:30:00,1.23807990551,0.0255787409842,0.0239946525544
2017-05-01 11:30:00,1.24120938778,0.0275909882039,0.0259531550109
2017-05-01 12:30:00,1.24688160419,0.029191961512,0.0275198128074
2017-05-01 13:30:00,1.2545337677,0.0296060591936,0.0279396474361
2017-05-01 14:30:00,1.25851356983,0.0301138050854,0.0284562986344
2017-05-01 15:30:00,1.07804787159,0.036844778806,0.0347029194236
2017-05-01 16:30:00,1.10419595242,0.039478905499,0.0372946187854
2017-05-01 17:30:00,1.1316204071,0.0449184142053,0.0426423475146
2017-05-01 18:30:00,1.16417741776,0.0480333268642,0.0456757694483
2017-05-01 19:30:00,1.20119559765,0.0466080419719,0.0442923232913
2017-05-01 20:30:00,1.2262544632,0.0465554967523,0.0442802682519
2017-05-01 21:30:00,1.2494134903,0.0464839823544,0.0442922972143
2017-05-01 22:30:00,1.2666426897,0.0440513342619,0.041996140033
2017-05-01 23:30:00,1.26588571072,0.0393307991326,0.0374355651438
2017-05-02 00:30:00,1.2582924366,0.0353242345154,0.0335663817823
2017-05-02 01:30:00,1.24847006798,0.0321461781859,0.0305065643042
2017-05-02 02:30:00,1.23803627491,0.0289322584867,0.0274020656943
2017-05-02 03:30:00,1.23109805584,0.0261528007686,0.0247074775398
2017-05-02 04:30:00,1.23052704334,0.0246518403292,0.0232663862407
2017-05-02 05:30:00,1.23303806782,0.024954777211,0.0235758107156
2017-05-02 06:30:00,1.23694169521,0.0267473142594,0.025365466252
2017-05-02 07:30:00,1.2460283041,0.0291445944458,0.0277322102338
2017-05-02 08:30:00,1.25237798691,0.0316409617662,0.0302003249526
2017-05-02 09:30:00,1.25279414654,0.0332376249135,0.0317850634456
2017-05-02 10:30:00,1.24624919891,0.0336428247392,0.032164722681
2017-05-02 11:30:00,1.24878036976,0.0323858186603,0.0308734606951
2017-05-02 12:30:00,1.25276374817,0.0302061289549,0.0286413282156
2017-05-02 13:30:00,1.25127613544,0.0273214932531,0.0257479082793
2017-05-02 14:30:00,1.2471755743,0.0265677012503,0.0249619409442
2017-05-02 15:30:00,1.27696061134,0.0276829302311,0.0260612815619
2017-05-02 16:30:00,1.29480874538,0.0290051326156,0.0273379981518
2017-05-02 17:30:00,1.31211733818,0.0292569585145,0.027599202469
2017-05-02 18:30:00,1.37495803833,0.0277992673218,0.0262670945376
2017-05-02 19:30:00,1.37404549122,0.0265096817166,0.0250135697424
2017-05-02 20:30:00,1.37226486206,0.0256010368466,0.0241155698895
2017-05-02 21:30:00,1.37273192406,0.0251729041338,0.0237236078829
2017-05-02 22:30:00,1.3642115593,0.0233914386481,0.0220258869231
2017-05-02 23:30:00,1.34265053272,0.0203115288168,0.0190484523773
2017-05-03 00:30:00,1.31988823414,0.01787365973,0.0167045406997
2017-05-03 01:30:00,1.31088447571,0.0167306698859,0.0156041514128
2017-05-03 02:30:00,1.30713570118,0.016611199826,0.0154900653288
2017-05-03 03:30:00,1.30201053619,0.0162668898702,0.0151624362916
2017-05-03 04:30:00,1.29541134834,0.0158130079508,0.0147211421281
2017-05-03 05:30:00,1.28818678856,0.015713006258,0.0146251898259
2017-05-03 06:30:00,1.27917230129,0.0170972049236,0.0159882046282
2017-05-03 07:30:00,1.25500524044,0.0203118417412,0.0191709902138
2017-05-03 08:30:00,1.25485038757,0.022004397586,0.0208383910358
2017-05-03 09:30:00,1.26689624786,0.0229973699898,0.0218140836805
2017-05-03 10:30:00,1.28561532497,0.0230904277414,0.0218934919685
2017-05-03 11:30:00,1.29637467861,0.0220177210867,0.0208386834711
2017-05-03 12:30:00,1.29125750065,0.0212976261973,0.0201089251786
2017-05-03 13:30:00,1.28418195248,0.0215017572045,0.0202893428504
2017-05-03 14:30:00,1.31654381752,0.0187815837562,0.0175992809236
2017-05-03 15:30:00,1.11217606068,0.0231419317424,0.0215056724846
2017-05-03 16:30:00,1.13358175755,0.0247710328549,0.0230936780572
2017-05-03 17:30:00,1.15959334373,0.0273080337793,0.0255459360778
2017-05-03 18:30:00,1.15018594265,0.0299908276647,0.0280031636357
2017-05-03 19:30:00,1.15252697468,0.0303395353258,0.028267595917
2017-05-03 20:30:00,1.14504647255,0.0305928420275,0.0284824706614
2017-05-03 21:30:00,1.14081931114,0.0310673639178,0.0289182178676
2017-05-03 22:30:00,1.13695335388,0.0313530229032,0.0291768163443
2017-05-03 23:30:00,1.12663030624,0.0305147729814,0.0283781290054
2017-05-04 00:30:00,1.1117181778,0.0299938991666,0.0278651546687
2017-05-04 01:30:00,1.10225903988,0.0304360296577,0.0282817576081
2017-05-04 02:30:00,1.09820270538,0.0302945636213,0.0281450022012
2017-05-04 03:30:00,1.09519743919,0.0285577997565,0.0264969859272
2017-05-04 04:30:00,1.09301221371,0.0261138640344,0.0241733919829
2017-05-04 05:30:00,1.09554576874,0.0240809768438,0.022244386375
2017-05-04 06:30:00,1.10039150715,0.0228296164423,0.0210565011948
2017-05-04 07:30:00,1.09365415573,0.0218554250896,0.0201528016478
2017-05-04 08:30:00,1.07888054848,0.0210786052048,0.0194175262004
2017-05-04 09:30:00,1.07297456264,0.0206228736788,0.0190067328513
2017-05-04 10:30:00,1.07383406162,0.0200677253306,0.0185045450926
2017-05-04 11:30:00,1.09432721138,0.0196094028652,0.0181336775422
2017-05-04 12:30:00,1.13640284538,0.0187971591949,0.0174100883305
2017-05-04 13:30:00,1.16617155075,0.0190760549158,0.0177358221263
2017-05-04 14:30:00,1.1910315752,0.0193082503974,0.0179973319173
2017-05-04 15:30:00,1.13599646091,0.0239484999329,0.0223997998983
2017-05-04 16:30:00,1.16568350792,0.0256239976734,0.0240629017353
2017-05-04 17:30:00,1.2043274641,0.0279212743044,0.0262941420078
2017-05-04 18:30:00,1.25062668324,0.0298750866205,0.0282040070742
2017-05-04 19:30:00,1.27642917633,0.0330891609192,0.0313454158604
2017-05-04 20:30:00,1.28945314884,0.0339403264225,0.032168880105
2017-05-04 21:30:00,1.29303693771,0.0329559482634,0.0311954729259
2017-05-04 22:30:00,1.28135168552,0.0316992402077,0.0299741476774
2017-05-04 23:30:00,1.26814889908,0.0300734937191,0.02840526402
2017-05-05 00:30:00,1.26078641415,0.0283529385924,0.0267262142152
2017-05-05 01:30:00,1.25531172752,0.0260832197964,0.0245298724622
2017-05-05 02:30:00,1.24675917625,0.0242175590247,0.0227266531438
2017-05-05 03:30:00,1.23591125011,0.0232748184353,0.0218232367188
2017-05-05 04:30:00,1.22760856152,0.0228574108332,0.0214213840663
2017-05-05 05:30:00,1.22811567783,0.0218363516033,0.0204193368554
2017-05-05 06:30:00,1.22394406796,0.0211699269712,0.0197784416378
2017-05-05 07:30:00,1.21867656708,0.0209944844246,0.0196199528873
2017-05-05 08:30:00,1.22007548809,0.0210191309452,0.0196529775858
2017-05-05 09:30:00,1.21832859516,0.0221016500145,0.0207248423249
2017-05-05 10:30:00,1.21266579628,0.0235323440284,0.0221353042871
2017-05-05 11:30:00,1.21878004074,0.0238753296435,0.0224550161511
2017-05-05 12:30:00,1.23051011562,0.0243213400245,0.0228814203292
2017-05-05 13:30:00,1.24741280079,0.0253741312772,0.0239029023796
2017-05-05 14:30:00,1.26674520969,0.0271292775869,0.0255889743567
2017-05-05 15:30:00,1.16997694969,0.0336404815316,0.0317008569837
2017-05-05 16:30:00,1.18445253372,0.0391294583678,0.0368710942566
2017-05-05 17:30:00,1.20009183884,0.0468769930303,0.0442493744195
2017-05-05 18:30:00,1.08946502209,0.0589222125709,0.0557894520462
2017-05-05 19:30:00,1.14987921715,0.0641736388206,0.0608692727983
2017-05-05 20:30:00,1.17978358269,0.0639774352312,0.0607637390494
2017-05-05 21:30:00,1.20082986355,0.0636885762215,0.0605650097132
2017-05-05 22:30:00,1.21924257278,0.0641200393438,0.0610364414752
2017-05-05 23:30:00,1.23057293892,0.0626747086644,0.0596773698926
2017-05-06 00:30:00,1.24175214767,0.0596752986312,0.0568155534565
2017-05-06 01:30:00,1.25299239159,0.0547307059169,0.0520783662796
2017-05-06 02:30:00,1.26410341263,0.0485885962844,0.0461900830269
2017-05-06 03:30:00,1.2740008831,0.0416266173124,0.0394980274141
2017-05-06 04:30:00,1.2845993042,0.0357536301017,0.0338443107903
2017-05-06 05:30:00,1.28997063637,0.0324241779745,0.0306394007057
2017-05-06 06:30:00,1.28851985931,0.0309663452208,0.0292507987469
2017-05-06 07:30:00,1.2857619524,0.0304026585072,0.028725348413
2017-05-06 08:30:00,1.28596782684,0.0311022587121,0.0294321477413
2017-05-06 09:30:00,1.29109191895,0.0342102125287,0.0325009822845
2017-05-06 10:30:00,1.28789126873,0.0392132736742,0.0374333560467
2017-05-06 11:30:00,1.27614474297,0.0439011640847,0.0420339256525
2017-05-06 12:30:00,1.28208243847,0.053599063307,0.0517014339566
2017-05-06 13:30:00,1.31381964684,0.0570347383618,0.0551918670535
2017-05-06 14:30:00,1.34328603745,0.0551517754793,0.0533593669534
2017-05-06 15:30:00,1.36334514618,0.0499099381268,0.0481481701136
2017-05-06 16:30:00,1.37834084034,0.0514507032931,0.0496484450996
2017-05-06 17:30:00,1.37935948372,0.0498181432486,0.0479898229241
2017-05-06 18:30:00,1.39397513866,0.0403602048755,0.0386346466839
2017-05-06 19:30:00,1.35697329044,0.0407760366797,0.0390271097422
2017-05-06 20:30:00,1.34275507927,0.0429251901805,0.0412393957376
2017-05-06 21:30:00,1.33498704433,0.0484903343022,0.0468575358391
2017-05-06 22:30:00,1.32307100296,0.051985040307,0.050389751792
2017-05-06 23:30:00,1.31592011452,0.0505651012063,0.0489744320512
2017-05-07 00:30:00,1.33417248726,0.057755485177,0.0561701357365
2017-05-07 01:30:00,1.35244703293,0.0580388568342,0.0564737170935
2017-05-07 02:30:00,1.35568320751,0.051797606051,0.0502582155168
2017-05-07 03:30:00,1.35938382149,0.0525712110102,0.0510736554861
2017-05-07 04:30:00,1.36462855339,0.051053404808,0.0495754294097
2017-05-07 05:30:00,1.36327135563,0.0476898662746,0.0462297275662
2017-05-07 06:30:00,1.36091423035,0.0522175356746,0.0507594496012
2017-05-07 07:30:00,1.36155736446,0.055824611336,0.0543524958193
2017-05-07 08:30:00,1.35638940334,0.0557450503111,0.0542581044137
2017-05-07 09:30:00,1.35112369061,0.0638533979654,0.0623516999185
2017-05-07 10:30:00,1.35615551472,0.0731746777892,0.0716287121177
2017-05-07 11:30:00,1.3596739769,0.0759580731392,0.0743779093027
2017-05-07 12:30:00,1.37096714973,0.0813460722566,0.0797490030527
2017-05-07 13:30:00,1.40829336643,0.0782521143556,0.0766766965389
2017-05-07 14:30:00,1.43833220005,0.0760453045368,0.0744688883424
2017-05-07 15:30:00,1.39051258564,0.0819010287523,0.0799570828676
2017-05-07 16:30:00,1.43933475018,0.0765597522259,0.0747983753681
2017-05-07 17:30:00,1.44442009926,0.0770196542144,0.0752640515566
2017-05-07 18:30:00,1.39700615406,0.0921430960298,0.0900871306658
2017-05-07 19:30:00,1.37564277649,0.086665853858,0.0847631692886
2017-05-07 20:30:00,1.33080029488,0.0821099802852,0.0802644044161
2017-05-07 21:30:00,1.29834270477,0.0819019973278,0.0800871551037
2017-05-07 22:30:00,1.29531145096,0.0753169879317,0.0735953897238
2017-05-07 23:30:00,1.31636166573,0.0640922859311,0.0624608919024
2017-05-08 00:30:00,1.35897517204,0.0551197342575,0.053580198437
2017-05-08 01:30:00,1.38526463509,0.0470713153481,0.0455912202597
2017-05-08 02:30:00,1.39197742939,0.0414887033403,0.0400513075292
2017-05-08 03:30:00,1.38737261295,0.0384225919843,0.0370282493532
2017-05-08 04:30:00,1.37901675701,0.0352209024131,0.0338579490781
2017-05-08 05:30:00,1.37054634094,0.0317888259888,0.0304819568992
2017-05-08 06:30:00,1.36454367638,0.0296193957329,0.0283541120589
2017-05-08 07:30:00,1.36151301861,0.0289132427424,0.027667125687
2017-05-08 08:30:00,1.35675024986,0.0285492744297,0.0273323617876
2017-05-08 09:30:00,1.3516125679,0.0275509543717,0.0263418722898
2017-05-08 10:30:00,1.33965146542,0.0261771064252,0.0249891746789
2017-05-08 11:30:00,1.33435559273,0.0247757546604,0.0235933475196
2017-05-08 12:30:00,1.34086418152,0.0244464576244,0.0232362709939
2017-05-08 13:30:00,1.35495793819,0.0245517920703,0.0233406890184
2017-05-08 14:30:00,1.36626577377,0.025715097785,0.0244830418378
2017-05-08 15:30:00,1.3357373476,0.0294961426407,0.0281704645604
2017-05-08 16:30:00,1.37996149063,0.0341865159571,0.0328770838678
2017-05-08 17:30:00,1.40863466263,0.035609357059,0.0343218520284
2017-05-08 18:30:00,1.4440227747,0.0307970773429,0.0295649636537
2017-05-08 19:30:00,1.42308020592,0.0297067835927,0.0284192431718
2017-05-08 20:30:00,1.39114809036,0.0309172831476,0.0295457597822
2017-05-08 21:30:00,1.37645089626,0.0313527397811,0.0299283061177
2017-05-08 22:30:00,1.38014864922,0.0301500875503,0.028714120388
2017-05-08 23:30:00,1.36723220348,0.0296658519655,0.0282187629491
2017-05-09 00:30:00,1.35358929634,0.0283470321447,0.0269171558321
2017-05-09 01:30:00,1.35477805138,0.0267436224967,0.025338280946
2017-05-09 02:30:00,1.36022078991,0.0261336844414,0.0247277207673
2017-05-09 03:30:00,1.36159110069,0.0258000828326,0.0243892036378
2017-05-09 04:30:00,1.35672712326,0.0252182111144,0.0238154456019
2017-05-09 05:30:00,1.34884905815,0.0243217535317,0.0229284074157
2017-05-09 06:30:00,1.34072649479,0.0231341831386,0.0217587780207
2017-05-09 07:30:00,1.33533501625,0.0224548280239,0.0210867617279
2017-05-09 08:30:00,1.33334696293,0.0223252791911,0.0209514517337
2017-05-09 09:30:00,1.3325445652,0.0227505546063,0.021352250129
2017-05-09 10:30:00,1.3330925703,0.0236182287335,0.0221825428307
2017-05-09 11:30:00,1.33638548851,0.0246207118034,0.0231333635747
2017-05-09 12:30:00,1.34326064587,0.0259027387947,0.0243844017386
2017-05-09 13:30:00,1.3548592329,0.0271240957081,0.0255831535906
2017-05-09 14:30:00,1.35706198215,0.0287747904658,0.0272041931748
2017-05-09 15:30:00,1.35840642452,0.0284880101681,0.0269309692085
2017-05-09 16:30:00,1.36317229271,0.0318749919534,0.0302163809538
2017-05-09 17:30:00,1.35898733139,0.0357696115971,0.0340282060206
2017-05-09 18:30:00,1.38350069523,0.0372987650335,0.0355705916882
2017-05-09 19:30:00,1.35831856728,0.0390473604202,0.0372771322727
2017-05-09 20:30:00,1.32653617859,0.0396574288607,0.0378630757332
2017-05-09 21:30:00,1.31266105175,0.0397071763873,0.0379093326628
2017-05-09 22:30:00,1.31035768986,0.0391235873103,0.0372907072306
2017-05-09 23:30:00,1.31536197662,0.0350335501134,0.0332425273955
2017-05-10 00:30:00,1.31940305233,0.0313056148589,0.029600283131
2017-05-10 01:30:00,1.3223695755,0.0304567124695,0.028790563345
2017-05-10 02:30:00,1.31165111065,0.029783282429,0.0281443893909
2017-05-10 03:30:00,1.31365180016,0.0290637612343,0.0274349693209
2017-05-10 04:30:00,1.31949090958,0.0288153048605,0.0272083245218
2017-05-10 05:30:00,1.32503116131,0.0294309593737,0.0278157517314
2017-05-10 06:30:00,1.32619595528,0.0303778126836,0.0287477783859
2017-05-10 07:30:00,1.32111954689,0.0304036904126,0.0287935379893
2017-05-10 08:30:00,1.32511091232,0.0300402417779,0.0284746848047
2017-05-10 09:30:00,1.33496582508,0.0311457961798,0.0295971240848
2017-05-10 10:30:00,1.34678888321,0.0330421589315,0.0314916931093
2017-05-10 11:30:00,1.36594998837,0.0340531505644,0.0324949100614
2017-05-10 12:30:00,1.39409458637,0.0354203805327,0.0338907279074
2017-05-10 13:30:00,1.4110711813,0.0357986725867,0.0342650972307
2017-05-10 14:30:00,1.39701318741,0.0396438501775,0.0380240827799
2017-05-10 15:30:00,1.41764342785,0.0390329286456,0.0376535281539
2017-05-10 16:30:00,1.36645662785,0.0446862950921,0.0431736893952
2017-05-10 17:30:00,1.30973029137,0.0492018572986,0.0475243590772
2017-05-10 18:30:00,1.2478274107,0.0515621080995,0.0498405508697
2017-05-10 19:30:00,1.18359899521,0.0573911108077,0.0555773824453
2017-05-10 20:30:00,1.1377260685,0.062482483685,0.0605981424451
2017-05-10 21:30:00,1.12028551102,0.0714770108461,0.0694628208876
2017-05-10 22:30:00,1.11629807949,0.085042655468,0.0829858332872
2017-05-10 23:30:00,1.12729907036,0.0818852111697,0.0798894390464
2017-05-11 00:30:00,1.16363966465,0.0635660588741,0.0617380253971
2017-05-11 01:30:00,1.2078127861,0.0496635772288,0.0479931682348
2017-05-11 02:30:00,1.24809587002,0.0409912392497,0.039461299777
2017-05-11 03:30:00,1.27069425583,0.0361073985696,0.0347312428057
2017-05-11 04:30:00,1.27726137638,0.035136371851,0.0338701941073
2017-05-11 05:30:00,1.26340937614,0.0352789238095,0.0340653546154
2017-05-11 06:30:00,1.24577343464,0.0347087234259,0.0335367321968
2017-05-11 07:30:00,1.22175371647,0.0357406660914,0.0345631688833
2017-05-11 08:30:00,1.20949709415,0.0356424078345,0.0344580560923
2017-05-11 09:30:00,1.20100355148,0.0321736186743,0.031026924029
2017-05-11 10:30:00,1.21282160282,0.0299546476454,0.0288195144385
2017-05-11 11:30:00,1.22867619991,0.0328179746866,0.0316498056054
2017-05-11 12:30:00,1.22345709801,0.0345279276371,0.0333596877754
2017-05-11 13:30:00,1.22634494305,0.0349315591156,0.0337627530098
2017-05-11 14:30:00,1.2340747118,0.0347259603441,0.0335848927498
2017-05-11 15:30:00,1.22513079643,0.0377514958382,0.0365964397788
2017-05-11 16:30:00,1.201826334,0.0426083058119,0.041406173259
2017-05-11 17:30:00,1.17351615429,0.0462295114994,0.0450062565506
2017-05-11 18:30:00,0.958793103695,0.0757955908775,0.0745260566473
2017-05-11 19:30:00,0.999850273132,0.0644955486059,0.0632900297642
2017-05-11 20:30:00,1.00524199009,0.0497927218676,0.0486290827394
2017-05-11 21:30:00,1.08795547485,0.0674782693386,0.0663118213415
2017-05-11 22:30:00,1.10840260983,0.0603740140796,0.0592047981918
2017-05-11 23:30:00,1.13738882542,0.0530710630119,0.0518769025803
2017-05-12 00:30:00,1.20446574688,0.0538594946265,0.0526463538408
2017-05-12 01:30:00,1.24372076988,0.0461682640016,0.0449786446989
2017-05-12 02:30:00,1.24608826637,0.043331541121,0.0421519726515
2017-05-12 03:30:00,1.23493146896,0.0457450412214,0.0445571392775
2017-05-12 04:30:00,1.22206830978,0.0453824289143,0.0442053973675
2017-05-12 05:30:00,1.22701442242,0.0429936945438,0.041852530092
2017-05-12 06:30:00,1.23599684238,0.0407259985805,0.0396075770259
2017-05-12 07:30:00,1.23867082596,0.0382686890662,0.0371761843562
2017-05-12 08:30:00,1.25311672688,0.0357966087759,0.0347525365651
2017-05-12 09:30:00,1.27226901054,0.0313030481339,0.0303589329123
2017-05-12 10:30:00,1.30701315403,0.0249100364745,0.0240586940199
2017-05-12 11:30:00,1.32025003433,0.0247883088887,0.023939890787
2017-05-12 12:30:00,1.33844292164,0.0256247632205,0.024783603847
2017-05-12 13:30:00,1.36108922958,0.0251201409847,0.0242897197604
2017-05-12 14:30:00,1.35962319374,0.0255733206868,0.0247591156512
2017-05-12 15:30:00,1.35237681866,0.0287228953093,0.0278682429343
2017-05-12 16:30:00,1.38196194172,0.032745577395,0.0318197198212
2017-05-12 17:30:00,1.40105247498,0.038797263056,0.0378112532198
2017-05-12 18:30:00,1.32735550404,0.055739145726,0.0546236820519
2017-05-12 19:30:00,1.2646882534,0.0810580477118,0.0797405391932
2017-05-12 20:30:00,1.20126783848,0.0850002318621,0.0834759473801
2017-05-12 21:30:00,1.1613599062,0.077837459743,0.0761244222522
2017-05-12 22:30:00,1.11727893353,0.0589504055679,0.0572442859411
2017-05-12 23:30:00,1.08682072163,0.0459100268781,0.0443257316947
2017-05-13 00:30:00,1.07872653008,0.0382067300379,0.0367490388453
2017-05-13 01:30:00,1.10715711117,0.0332779735327,0.0319780409336
2017-05-13 02:30:00,1.15091180801,0.0278135053813,0.0266793537885
2017-05-13 03:30:00,1.20860671997,0.0228219069541,0.0218311920762
2017-05-13 04:30:00,1.26379621029,0.0203094426543,0.0193853490055
2017-05-13 05:30:00,1.31183624268,0.0188467781991,0.0179545823485
2017-05-13 06:30:00,1.34345149994,0.0163655132055,0.015504851006
2017-05-13 07:30:00,1.37922120094,0.0139585211873,0.0131065957248
2017-05-13 08:30:00,1.41112494469,0.0133416792378,0.0124716144055
2017-05-13 09:30:00,1.42130291462,0.0132334893569,0.0123586598784
2017-05-13 10:30:00,1.43469178677,0.0131843453273,0.0123134739697
2017-05-13 11:30:00,1.45898222923,0.0128238536417,0.0119661847129
2017-05-13 12:30:00,1.48554623127,0.012105954811,0.0112632894889
2017-05-13 13:30:00,1.50512218475,0.0117861088365,0.0109568685293
2017-05-13 14:30:00,1.5135371685,0.0125942099839,0.0117531884462
2017-05-13 15:30:00,1.44344782829,0.0167486015707,0.0158046465367
2017-05-13 16:30:00,1.46920967102,0.0190388448536,0.0181015655398
2017-05-13 17:30:00,1.48964500427,0.0208415854722,0.0198990181088
2017-05-13 18:30:00,1.60529172421,0.0217911191285,0.0209039822221
2017-05-13 19:30:00,1.58187055588,0.0244499817491,0.0235216654837
2017-05-13 20:30:00,1.54256868362,0.0259827654809,0.0250244382769
2017-05-13 21:30:00,1.47269821167,0.0263226348907,0.0253140330315
2017-05-13 22:30:00,1.42430901527,0.0251520723104,0.0241321921349
2017-05-13 23:30:00,1.38224470615,0.0244834106416,0.023437064141
2017-05-14 00:30:00,1.3611651659,0.0253168549389,0.0242148935795
2017-05-14 01:30:00,1.38503789902,0.0258903000504,0.024728294462
2017-05-14 02:30:00,1.38696229458,0.0274448953569,0.026228396222
2017-05-14 03:30:00,1.36884653568,0.0303780455142,0.0290849767625
2017-05-14 04:30:00,1.35600316525,0.0332298502326,0.0318866744637
2017-05-14 05:30:00,1.34904944897,0.0353483706713,0.0339496545494
2017-05-14 06:30:00,1.34135651588,0.0377710647881,0.0363368466496
2017-05-14 07:30:00,1.33187747002,0.0402221269906,0.0387754067779
2017-05-14 08:30:00,1.31916093826,0.042735401541,0.0412652865052
2017-05-14 09:30:00,1.31683599949,0.044206853956,0.0427561327815
2017-05-14 10:30:00,1.33394658566,0.0414984934032,0.0400803759694
2017-05-14 11:30:00,1.35389637947,0.0380878299475,0.0366851240396
2017-05-14 12:30:00,1.37015867233,0.0374136343598,0.0360325910151
2017-05-14 13:30:00,1.39003837109,0.03763724491,0.0362574383616
2017-05-14 14:30:00,1.40118443966,0.0404324196279,0.039036758244
2017-05-14 15:30:00,1.23486864567,0.0535316690803,0.051938097924
2017-05-14 16:30:00,1.27840018272,0.0605412945151,0.0589171946049
2017-05-14 17:30:00,1.31466138363,0.0653841495514,0.0637411400676
2017-05-14 18:30:00,1.27940165997,0.0486420206726,0.0471950732172
2017-05-14 19:30:00,1.30263543129,0.0455701686442,0.04418746382
2017-05-14 20:30:00,1.30607461929,0.0415584892035,0.0402009561658
2017-05-14 21:30:00,1.30262815952,0.0391862504184,0.0378574207425
2017-05-14 22:30:00,1.31297588348,0.0346683636308,0.0333689451218
2017-05-14 23:30:00,1.34274733067,0.0294535160065,0.0281902831048
2017-05-15 00:30:00,1.36441469193,0.025551751256,0.0243087653071
2017-05-15 01:30:00,1.36699104309,0.0224715974182,0.0212494228035
2017-05-15 02:30:00,1.35687971115,0.0198666825891,0.0186873823404
2017-05-15 03:30:00,1.3401273489,0.0178198199719,0.0166715998203
2017-05-15 04:30:00,1.32391285896,0.0161394346505,0.0150276124477
2017-05-15 05:30:00,1.31459248066,0.014548799023,0.013507688418
2017-05-15 06:30:00,1.3102864027,0.0133838318288,0.0124087845907
2017-05-15 07:30:00,1.31374192238,0.0124798147008,0.0115512739867
2017-05-15 08:30:00,1.32583987713,0.0116611700505,0.0107833854854
2017-05-15 09:30:00,1.33693993092,0.0114187691361,0.0105692986399
2017-05-15 10:30:00,1.32869124413,0.0112968338653,0.0104676317424
2017-05-15 11:30:00,1.32290542126,0.0111275976524,0.0102983471006
2017-05-15 12:30:00,1.32217049599,0.0113046746701,0.010468265973
2017-05-15 13:30:00,1.31110405922,0.0123139880598,0.0114540690556
2017-05-15 14:30:00,1.30116283894,0.0141665954143,0.0132623733953
2017-05-15 15:30:00,1.07633304596,0.022918170318,0.0214161332697
2017-05-15 16:30:00,1.1274305582,0.0278344117105,0.0261949189007
2017-05-15 17:30:00,1.19402253628,0.0363569371402,0.0345126539469
2017-05-15 18:30:00,1.26142168045,0.0450858473778,0.0431310683489
2017-05-15 19:30:00,1.29723477364,0.0495920777321,0.0476278737187
2017-05-15 20:30:00,1.32140183449,0.0475261509418,0.0456493571401
2017-05-15 21:30:00,1.33493757248,0.0427359603345,0.0409404039383
2017-05-15 22:30:00,1.33888995647,0.0401555970311,0.0383632965386
2017-05-15 23:30:00,1.34791314602,0.0395662561059,0.0377163365483
2017-05-16 00:30:00,1.35326170921,0.0416983254254,0.0397725477815
2017-05-16 01:30:00,1.34781420231,0.0466799363494,0.0446918457747
2017-05-16 02:30:00,1.32969343662,0.0496893115342,0.0476678982377
2017-05-16 03:30:00,1.31472218037,0.0496363304555,0.0476861968637
2017-05-16 04:30:00,1.31893217564,0.0454392209649,0.0435953475535
2017-05-16 05:30:00,1.32198619843,0.0430568344891,0.041304603219
2017-05-16 06:30:00,1.31344044209,0.0433512441814,0.0416492857039
2017-05-16 07:30:00,1.29932224751,0.0415143184364,0.0398644506931
2017-05-16 08:30:00,1.28293430805,0.0383646078408,0.0367770493031
2017-05-16 09:30:00,1.26959109306,0.0364209860563,0.0348938554525
2017-05-16 10:30:00,1.26477742195,0.0362147949636,0.0347238369286
2017-05-16 11:30:00,1.25702810287,0.0369734950364,0.03549419716
2017-05-16 12:30:00,1.25487732887,0.0384418331087,0.0369752198458
2017-05-16 13:30:00,1.27090418339,0.0387321971357,0.0372647941113
2017-05-16 14:30:00,1.30495631695,0.0388447195292,0.0373907275498
2017-05-16 15:30:00,1.3003257513,0.0419710949063,0.0403783917427
2017-05-16 16:30:00,1.34526669979,0.0462583042681,0.0446660481393
2017-05-16 17:30:00,1.36194372177,0.0541139133275,0.0524618476629
2017-05-16 18:30:00,1.21782875061,0.0635131746531,0.061741001904
2017-05-16 19:30:00,1.29903280735,0.0663016065955,0.0645600259304
2017-05-16 20:30:00,1.34251046181,0.0631009712815,0.061423279345
2017-05-16 21:30:00,1.35576474667,0.063436254859,0.0618068128824
2017-05-16 22:30:00,1.35491967201,0.0597889386117,0.0582537911832
2017-05-16 23:30:00,1.35603320599,0.0476793311536,0.0462526790798
2017-05-17 00:30:00,1.35667514801,0.041234139353,0.0398867614567
2017-05-17 01:30:00,1.35749685764,0.0386435426772,0.0373267270625
2017-05-17 02:30:00,1.35994875431,0.0365787781775,0.0352771282196
2017-05-17 03:30:00,1.36760365963,0.0400425978005,0.0387415215373
2017-05-17 04:30:00,1.37972772121,0.0448340363801,0.0435016267002
2017-05-17 05:30:00,1.38896369934,0.0466056354344,0.0452551618218
2017-05-17 06:30:00,1.39039385319,0.0513662658632,0.0499798208475
2017-05-17 07:30:00,1.39038288593,0.0517723932862,0.0503716915846
2017-05-17 08:30:00,1.39237964153,0.0512835532427,0.0498672202229
2017-05-17 09:30:00,1.39820456505,0.0623393431306,0.0608751475811
2017-05-17 10:30:00,1.40555477142,0.0728571042418,0.0713607296348
2017-05-17 11:30:00,1.39988064766,0.0627890303731,0.0613070614636
2017-05-17 12:30:00,1.3964471817,0.0533682927489,0.0518826171756
2017-05-17 13:30:00,1.39920985699,0.0574936233461,0.055988188833
2017-05-17 14:30:00,1.3970117569,0.0593159422278,0.0578213185072
2017-05-17 15:30:00,1.37273609638,0.0451174341142,0.0436698757112
2017-05-17 16:30:00,1.40683948994,0.0452182814479,0.0437859147787
2017-05-17 17:30:00,1.42519319057,0.0472778305411,0.0458598211408
2017-05-17 18:30:00,1.4310426712,0.0454963594675,0.0441379845142
2017-05-17 19:30:00,1.38301277161,0.0484258383512,0.0470723956823
2017-05-17 20:30:00,1.34166538715,0.0462852530181,0.0449323765934
2017-05-17 21:30:00,1.31831467152,0.0630614161491,0.0616775751114
2017-05-17 22:30:00,1.30414092541,0.0692186653614,0.0678205415606
2017-05-17 23:30:00,1.31376755238,0.0638170614839,0.0623997971416
2017-05-18 00:30:00,1.34925472736,0.0660217478871,0.0646032691002
2017-05-18 01:30:00,1.36238670349,0.06798183918,0.0665609687567
2017-05-18 02:30:00,1.3479629755,0.0642488151789,0.0628301948309
2017-05-18 03:30:00,1.31870830059,0.0730105116963,0.0715610459447
2017-05-18 04:30:00,1.32191574574,0.0747248828411,0.0732399076223
2017-05-18 05:30:00,1.31975746155,0.061543431133,0.0601030066609
2017-05-18 06:30:00,1.30780029297,0.0816820636392,0.0802865177393
2017-05-18 07:30:00,1.25447571278,0.0889213457704,0.0876121520996
2017-05-18 08:30:00,1.18067240715,0.0762341842055,0.0750163942575
2017-05-18 09:30:00,1.20494830608,0.0883236005902,0.0872030034661
2017-05-18 10:30:00,1.23186218739,0.0712702423334,0.0701998993754
2017-05-18 11:30:00,1.20489537716,0.050196506083,0.0491589345038
2017-05-18 12:30:00,1.1990146637,0.0622084029019,0.0611518993974
2017-05-18 13:30:00,1.20660233498,0.0577247664332,0.0566565766931
2017-05-18 14:30:00,1.21990799904,0.0488997921348,0.0478439293802
2017-05-18 15:30:00,1.29066050053,0.0453381761909,0.0444080196321
2017-05-18 16:30:00,1.28588616848,0.0496348179877,0.0486988462508
2017-05-18 17:30:00,1.20831358433,0.0458797179163,0.0449365526438
2017-05-18 18:30:00,1.23817515373,0.0596153661609,0.0587528124452
2017-05-18 19:30:00,1.13331019878,0.0563723854721,0.0554643273354
2017-05-18 20:30:00,1.06913089752,0.03648166731,0.0356114283204
2017-05-18 21:30:00,1.09475672245,0.0310919173062,0.0302722975612
2017-05-18 22:30:00,1.14079284668,0.0289568938315,0.0281673464924
2017-05-18 23:30:00,1.19011330605,0.0201696865261,0.0193979050964
2017-05-19 00:30:00,1.270606637,0.0290452893823,0.0282804127783
2017-05-19 01:30:00,1.3597394228,0.0294442698359,0.0286654271185
2017-05-19 02:30:00,1.45250344276,0.0219668950886,0.0211366284639
2017-05-19 03:30:00,1.47545135021,0.0186876393855,0.0178258903325
2017-05-19 04:30:00,1.46995162964,0.0170685723424,0.0161861982197
2017-05-19 05:30:00,1.44190943241,0.0157062690705,0.0148036861792
2017-05-19 06:30:00,1.41076934338,0.0144929876551,0.0135722523555
2017-05-19 07:30:00,1.3844243288,0.0134347612038,0.0125060938299
2017-05-19 08:30:00,1.3610560894,0.0126231946051,0.0116940066218
2017-05-19 09:30:00,1.34283518791,0.0122530097142,0.0113214291632
2017-05-19 10:30:00,1.33195674419,0.0122795961797,0.0113398078829
2017-05-19 11:30:00,1.32632505894,0.0123987449333,0.0114495381713
2017-05-19 12:30:00,1.32490456104,0.0126368198544,0.0116690397263
2017-05-19 13:30:00,1.32885742188,0.0130353216082,0.0120295528322
2017-05-19 14:30:00,1.34189724922,0.013806803152,0.0127392690629
2017-05-19 15:30:00,1.05743503571,0.0205369442701,0.0191930327564
2017-05-19 16:30:00,1.0874247551,0.0216871853918,0.0203092228621
2017-05-19 17:30:00,1.12226390839,0.0232569985092,0.021841051057
2017-05-19 18:30:00,1.14242494106,0.0251845158637,0.0236973762512
2017-05-19 19:30:00,1.17776274681,0.0260393042117,0.0245210956782
2017-05-19 20:30:00,1.20600938797,0.0266133341938,0.0250424798578
2017-05-19 21:30:00,1.2268974781,0.0269199814647,0.0252589751035
2017-05-19 22:30:00,1.23384130001,0.0264429729432,0.0246489923447
2017-05-19 23:30:00,1.22682321072,0.0247094631195,0.022779032588
2017-05-20 00:30:00,1.22191131115,0.0228581950068,0.0208711661398
2017-05-20 01:30:00,1.22567880154,0.0218657106161,0.0198979303241
2017-05-20 02:30:00,1.22145903111,0.021458407864,0.0195817984641
2017-05-20 03:30:00,1.20015311241,0.021073192358,0.0192878060043
2017-05-20 04:30:00,1.1717710495,0.0203537791967,0.0186368562281
2017-05-20 05:30:00,1.14543545246,0.0193385574967,0.0176766049117
2017-05-20 06:30:00,1.12230944633,0.0183411166072,0.0167162809521
2017-05-20 07:30:00,1.10154616833,0.0177489034832,0.0161428879946
2017-05-20 08:30:00,1.08878350258,0.0184841491282,0.0168772675097
2017-05-20 09:30:00,1.0885206461,0.0198238696903,0.0181856192648
2017-05-20 10:30:00,1.09774053097,0.0190411936492,0.0173824671656
2017-05-20 11:30:00,1.0977679491,0.018332503736,0.0166517272592
2017-05-20 12:30:00,1.1091581583,0.0192182641476,0.0175210349262
2017-05-20 13:30:00,1.12836766243,0.0198529958725,0.018172763288
2017-05-20 14:30:00,1.13340699673,0.0192827563733,0.0176322329789
2017-05-20 15:30:00,1.1232316494,0.0185545179993,0.0169207453728
2017-05-20 16:30:00,1.14483702183,0.0183214098215,0.0166856292635
2017-05-20 17:30:00,1.18261146545,0.0187307875603,0.0170777346939
2017-05-20 18:30:00,1.23526501656,0.0193849764764,0.0177054107189
2017-05-20 19:30:00,1.28112459183,0.0200955662876,0.0184141788632
2017-05-20 20:30:00,1.31503713131,0.0202586911619,0.0186003744602
2017-05-20 21:30:00,1.32878172398,0.0195962376893,0.0179763734341
2017-05-20 22:30:00,1.31275868416,0.0180959235877,0.016546908766
2017-05-20 23:30:00,1.29582726955,0.0168726108968,0.0153924794868
2017-05-21 00:30:00,1.30494332314,0.0162778329104,0.0148504395038
2017-05-21 01:30:00,1.32518303394,0.0158211179078,0.0144586069509
2017-05-21 02:30:00,1.35195398331,0.0148600973189,0.0135680921376
2017-05-21 03:30:00,1.37500488758,0.0142221339047,0.0129852565005
2017-05-21 04:30:00,1.39147007465,0.0140690356493,0.0128673482686
2017-05-21 05:30:00,1.398224473,0.0138407954946,0.0126629322767
2017-05-21 06:30:00,1.39983725548,0.0134850321338,0.012323348783
2017-05-21 07:30:00,1.40318703651,0.0133484434336,0.0121846999973
2017-05-21 08:30:00,1.40704643726,0.0132855083793,0.0121227297932
2017-05-21 09:30:00,1.41238152981,0.01327938959,0.0121147977188
2017-05-21 10:30:00,1.41320514679,0.013407336548,0.0122432038188
2017-05-21 11:30:00,1.40743458271,0.0134653924033,0.0122986314818
2017-05-21 12:30:00,1.4013171196,0.0134706310928,0.0123089086264
2017-05-21 13:30:00,1.401070714,0.0135303027928,0.0123635660857
2017-05-21 14:30:00,1.40623927116,0.0135398376733,0.0123791508377
2017-05-21 15:30:00,1.1591719389,0.0159173645079,0.0147221237421
2017-05-21 16:30:00,1.20050811768,0.0159179922193,0.0147169530392
2017-05-21 17:30:00,1.2393758297,0.0163873173296,0.0151821840554
2017-05-21 18:30:00,1.1661785841,0.0183295421302,0.0170905478299
2017-05-21 19:30:00,1.2196418047,0.0189516600221,0.0176944863051
2017-05-21 20:30:00,1.25350439548,0.0196517668664,0.0183853190392
2017-05-21 21:30:00,1.27190959454,0.0196581725031,0.0184031054378
2017-05-21 22:30:00,1.27724218369,0.01870848611,0.0174801200628
2017-05-21 23:30:00,1.2784705162,0.0174971949309,0.0163021441549
2017-05-22 00:30:00,1.27685427666,0.0167226921767,0.0155349001288
2017-05-22 01:30:00,1.2832146883,0.0157828740776,0.0145890768617
2017-05-22 02:30:00,1.29345774651,0.0149270240217,0.0137249510735
2017-05-22 03:30:00,1.29948246479,0.0146566033363,0.0134515594691
2017-05-22 04:30:00,1.29939758778,0.0152559066191,0.0140439718962
2017-05-22 05:30:00,1.30982995033,0.0160245113075,0.0147900488228
2017-05-22 06:30:00,1.31842160225,0.0172403976321,0.0159688349813
2017-05-22 07:30:00,1.31571316719,0.018484942615,0.0171871595085
2017-05-22 08:30:00,1.30135095119,0.0207586567849,0.0194298997521
2017-05-22 09:30:00,1.2925620079,0.0231460537761,0.0217660870403
2017-05-22 10:30:00,1.28942584991,0.0248181540519,0.0233827736229
2017-05-22 11:30:00,1.28482365608,0.0257870666683,0.0242874324322
2017-05-22 12:30:00,1.26648521423,0.0257789921016,0.0242382343858
2017-05-22 13:30:00,1.23606288433,0.0271483585238,0.0255690198392
2017-05-22 14:30:00,1.22141396999,0.0308975372463,0.0292515959591
2017-05-22 15:30:00,1.25778722763,0.0351034700871,0.0334172621369
2017-05-22 16:30:00,1.25735497475,0.0398260168731,0.0380605831742
2017-05-22 17:30:00,1.25717377663,0.0418617837131,0.0400903373957
2017-05-22 18:30:00,1.19507408142,0.0465242825449,0.0445670597255
2017-05-22 19:30:00,1.20245623589,0.0408726669848,0.0390204973519
2017-05-22 20:30:00,1.20178294182,0.0365507118404,0.0347753874958
2017-05-22 21:30:00,1.20965337753,0.0345878824592,0.0328844897449
2017-05-22 22:30:00,1.21664607525,0.035101685673,0.0334388278425
2017-05-22 23:30:00,1.22577989101,0.0374563969672,0.0358034819365
2017-05-23 00:30:00,1.26605129242,0.0361223593354,0.034552488476
2017-05-23 01:30:00,1.31140446663,0.0344053693116,0.0329253524542
2017-05-23 02:30:00,1.33648192883,0.0344841293991,0.0330447256565
2017-05-23 03:30:00,1.31867647171,0.0377094820142,0.0362472422421
2017-05-23 04:30:00,1.27644896507,0.042697135359,0.0411803647876
2017-05-23 05:30:00,1.24818921089,0.0488367117941,0.0473045520484
2017-05-23 06:30:00,1.25154411793,0.0518661439419,0.0503568872809
2017-05-23 07:30:00,1.26727843285,0.0526961535215,0.0512136369944
2017-05-23 08:30:00,1.27631986141,0.0508355423808,0.0493836328387
2017-05-23 09:30:00,1.28333520889,0.0446846038103,0.0433217026293
2017-05-23 10:30:00,1.29777848721,0.0405569151044,0.039225038141
2017-05-23 11:30:00,1.31656873226,0.0379243940115,0.0365910306573
2017-05-23 12:30:00,1.33630490303,0.0374517664313,0.0360910221934
2017-05-23 13:30:00,1.35905492306,0.0377154573798,0.0363299064338
2017-05-23 14:30:00,1.36012768745,0.0395000129938,0.0380223505199
2017-05-23 15:30:00,1.27576208115,0.0472152605653,0.0454143993556
2017-05-23 16:30:00,1.25026798248,0.0524609684944,0.050560887903
2017-05-23 17:30:00,1.22927057743,0.0578801371157,0.0559047758579
2017-05-23 18:30:00,1.20096468925,0.0648635774851,0.0627641752362
2017-05-23 19:30:00,1.21354532242,0.0680147260427,0.0660208761692
2017-05-23 20:30:00,1.22107434273,0.0675954595208,0.0657075047493
2017-05-23 21:30:00,1.23020207882,0.0640278160572,0.0622637830675
2017-05-23 22:30:00,1.23880887032,0.0555117093027,0.0538667328656
2017-05-23 23:30:00,1.24954211712,0.0476344935596,0.0461233146489
2017-05-24 00:30:00,1.27379906178,0.0441201888025,0.042699098587
2017-05-24 01:30:00,1.29516577721,0.0457212254405,0.0443129353225
2017-05-24 02:30:00,1.30540990829,0.0454646870494,0.0440240912139
2017-05-24 03:30:00,1.31418406963,0.0487641319633,0.0472773313522
2017-05-24 04:30:00,1.32772254944,0.0513662025332,0.0498328506947
2017-05-24 05:30:00,1.33193790913,0.0528743192554,0.0513097383082
2017-05-24 06:30:00,1.32754874229,0.057316314429,0.0557050555944
2017-05-24 07:30:00,1.31790530682,0.060032133013,0.0584095269442
2017-05-24 08:30:00,1.30413603783,0.0600874722004,0.0584442541003
2017-05-24 09:30:00,1.29035151005,0.0607125274837,0.0590684078634
2017-05-24 10:30:00,1.26766836643,0.0624195225537,0.0607405416667
2017-05-24 11:30:00,1.24942111969,0.0644812956452,0.0627614930272
2017-05-24 12:30:00,1.24452114105,0.0712886378169,0.0695033445954
2017-05-24 13:30:00,1.24301218987,0.0819838345051,0.080116994679
2017-05-24 14:30:00,1.20140635967,0.101506173611,0.0995184779167
2017-05-24 15:30:00,1.15798330307,0.141970545053,0.139705643058
2017-05-24 16:30:00,1.17063903809,0.134655997157,0.132398962975
2017-05-24 17:30:00,1.2112724781,0.119078710675,0.116958193481
2017-05-24 18:30:00,1.2146910429,0.0968528687954,0.0950032994151
2017-05-24 19:30:00,1.23829233646,0.0847395136952,0.0829511210322
2017-05-24 20:30:00,1.2635024786,0.0729997083545,0.0713077709079
2017-05-24 21:30:00,1.26959049702,0.0704332515597,0.0687422305346
2017-05-24 22:30:00,1.28248608112,0.0736504271626,0.0719306096435
2017-05-24 23:30:00,1.2952029705,0.0721751898527,0.0705016031861
2017-05-25 00:30:00,1.30394983292,0.0681718885899,0.0664978548884
2017-05-25 01:30:00,1.32673537731,0.0689314901829,0.0672560930252
2017-05-25 02:30:00,1.34724748135,0.0757502689958,0.0741025805473
2017-05-25 03:30:00,1.33935534954,0.104266874492,0.102621980011
2017-05-25 04:30:00,1.29091060162,0.133080109954,0.131457835436
2017-05-25 05:30:00,1.19814479351,0.162276551127,0.160658314824
2017-05-25 06:30:00,1.13899052143,0.240663081408,0.239101082087
2017-05-25 07:30:00,1.13674914837,0.256928443909,0.255425095558
2017-05-25 08:30:00,1.14575099945,0.219183430076,0.217617049813
2017-05-25 09:30:00,1.19274115562,0.18550260365,0.183995977044
2017-05-25 10:30:00,1.2797242403,0.118744887412,0.117418445647
2017-05-25 11:30:00,1.31819343567,0.0717545747757,0.0705514475703
2017-05-25 12:30:00,1.32269585133,0.0509908720851,0.0498706959188
2017-05-25 13:30:00,1.27634739876,0.0462486185133,0.0451493263245
2017-05-25 14:30:00,1.23520863056,0.044177852571,0.043079841882
2017-05-25 15:30:00,1.18901884556,0.0189142376184,0.0179697591811
2017-05-25 16:30:00,1.18730866909,0.023121394217,0.0221328455955
2017-05-25 17:30:00,1.17049336433,0.0310909897089,0.0300635248423
2017-05-25 18:30:00,1.1699975729,0.0338242761791,0.0328190140426
2017-05-25 19:30:00,1.20558536053,0.0352973379195,0.0342483371496
2017-05-25 20:30:00,1.24384784698,0.0334529802203,0.0323611646891
2017-05-25 21:30:00,1.2708824873,0.0318149439991,0.0306846071035
2017-05-25 22:30:00,1.30248916149,0.0305825173855,0.0294440407306
2017-05-25 23:30:00,1.33809936047,0.0284755714238,0.0273490473628
2017-05-26 00:30:00,1.36604273319,0.0261689033359,0.0250698439777
2017-05-26 01:30:00,1.38622772694,0.0244379788637,0.0233646221459
2017-05-26 02:30:00,1.39766120911,0.0224148351699,0.0213796850294
2017-05-26 03:30:00,1.40567135811,0.0216910745949,0.0206590630114
2017-05-26 04:30:00,1.42066085339,0.0240235757083,0.0229866653681
2017-05-26 05:30:00,1.4256156683,0.0285241585225,0.0274592358619
2017-05-26 06:30:00,1.41828894615,0.0340658016503,0.0329603031278
2017-05-26 07:30:00,1.41260778904,0.0446022301912,0.0434530712664
2017-05-26 08:30:00,1.38940632343,0.0595223642886,0.0583118312061
2017-05-26 09:30:00,1.37795817852,0.0753741040826,0.0741475149989
2017-05-26 10:30:00,1.40860116482,0.0766598060727,0.0754350051284
2017-05-26 11:30:00,1.47041666508,0.0649136677384,0.0637253075838
2017-05-26 12:30:00,1.52655005455,0.0537906996906,0.0526963584125
2017-05-26 13:30:00,1.55384337902,0.0455387160182,0.0445046909153
2017-05-26 14:30:00,1.54531729221,0.0393604114652,0.0383672602475
2017-05-26 15:30:00,1.47226119041,0.0302192866802,0.0291309319437
2017-05-26 16:30:00,1.43082928658,0.0324593186378,0.0313754454255
2017-05-26 17:30:00,1.41197216511,0.0383550710976,0.0372262746096
2017-05-26 18:30:00,1.40753507614,0.0397131741047,0.0386339873075
2017-05-26 19:30:00,1.422082901,0.0419625341892,0.040909267962
2017-05-26 20:30:00,1.44495654106,0.0383082851768,0.0372667610645
2017-05-26 21:30:00,1.45567011833,0.037079103291,0.0360183119774
2017-05-26 22:30:00,1.45795452595,0.0380990728736,0.0370057299733
2017-05-26 23:30:00,1.45226585865,0.0372853986919,0.0361415818334
2017-05-27 00:30:00,1.43761527538,0.0367977246642,0.0355979762971
2017-05-27 01:30:00,1.41808176041,0.0381287448108,0.0368729308248
2017-05-27 02:30:00,1.39943540096,0.039347179234,0.0380650758743
2017-05-27 03:30:00,1.39385616779,0.0399714447558,0.0386844724417
2017-05-27 04:30:00,1.41031801701,0.0383499339223,0.0370586402714
2017-05-27 05:30:00,1.39968597889,0.0345215648413,0.0332398042083
2017-05-27 06:30:00,1.38382685184,0.0309827867895,0.029702058062
2017-05-27 07:30:00,1.40133905411,0.0294514372945,0.0282018296421
2017-05-27 08:30:00,1.39941763878,0.0273962803185,0.0261769909412
2017-05-27 09:30:00,1.38748276234,0.0253260172904,0.0241468753666
2017-05-27 10:30:00,1.39176225662,0.0235249400139,0.0223820097744
2017-05-27 11:30:00,1.37927246094,0.0206547323614,0.0195614229888
2017-05-27 12:30:00,1.35289597511,0.0180075913668,0.0169545076787
2017-05-27 13:30:00,1.32898032665,0.0162978768349,0.0152642130852
2017-05-27 14:30:00,1.31362164021,0.0153008941561,0.0142872827128
2017-05-27 15:30:00,1.32423245907,0.01650541462,0.0154198007658
2017-05-27 16:30:00,1.33820641041,0.0178530290723,0.0167602561414
2017-05-27 17:30:00,1.36447715759,0.0205042622983,0.019378695637
2017-05-27 18:30:00,1.39363646507,0.0200290717185,0.0190253853798
2017-05-27 19:30:00,1.41038131714,0.0229774992913,0.0219256356359
2017-05-27 20:30:00,1.42325651646,0.0248758308589,0.0237891599536
2017-05-27 21:30:00,1.42792654037,0.0251046214253,0.0239965189248
2017-05-27 22:30:00,1.41596114635,0.0233115497977,0.0222099144012
2017-05-27 23:30:00,1.38740468025,0.020088404417,0.0190297886729
2017-05-28 00:30:00,1.34408605099,0.0170479863882,0.0160178244114
2017-05-28 01:30:00,1.31568610668,0.0158230401576,0.014774507843
2017-05-28 02:30:00,1.30123758316,0.0159616302699,0.0148783167824
2017-05-28 03:30:00,1.27491343021,0.0175928771496,0.0164759438485
2017-05-28 04:30:00,1.24292016029,0.0189161989838,0.0177750941366
2017-05-28 05:30:00,1.22591209412,0.0213695447892,0.0201688930392
2017-05-28 06:30:00,1.2260248661,0.0231684185565,0.021919099614
2017-05-28 07:30:00,1.24269330502,0.0240247100592,0.0227137282491
2017-05-28 08:30:00,1.24007868767,0.0281854141504,0.0268005281687
2017-05-28 09:30:00,1.24020910263,0.0330477841198,0.0315839312971
2017-05-28 10:30:00,1.24638414383,0.0366994962096,0.0351743549109
2017-05-28 11:30:00,1.25724232197,0.0383728668094,0.0368463695049
2017-05-28 12:30:00,1.26458108425,0.0382449738681,0.0367361344397
2017-05-28 13:30:00,1.27922105789,0.0359217002988,0.0344557464123
2017-05-28 14:30:00,1.31056368351,0.0287979468703,0.0274395868182
2017-05-28 15:30:00,1.28946197033,0.0269465483725,0.0253943987191
2017-05-28 16:30:00,1.27146780491,0.0246197823435,0.0231516435742
2017-05-28 17:30:00,1.26485610008,0.0256958827376,0.0242506098002
2017-05-28 18:30:00,1.24740493298,0.0279795322567,0.0264742337167
2017-05-28 19:30:00,1.26702904701,0.0307362843305,0.0292315464467
2017-05-28 20:30:00,1.27987027168,0.0334020592272,0.0319044478238
2017-05-28 21:30:00,1.28656339645,0.0340126678348,0.0325266942382
2017-05-28 22:30:00,1.28827774525,0.030851431191,0.029430642724
2017-05-28 23:30:00,1.28305912018,0.0274551324546,0.0260729789734
2017-05-29 00:30:00,1.28239917755,0.0250808801502,0.0237067453563
2017-05-29 01:30:00,1.27608025074,0.0224744565785,0.0211071111262
2017-05-29 02:30:00,1.26277923584,0.0209964327514,0.0196346286684
2017-05-29 03:30:00,1.25278139114,0.0211263876408,0.0197393316776
2017-05-29 04:30:00,1.24125790596,0.0246402006596,0.0231801774353
2017-05-29 05:30:00,1.24449121952,0.0279528908432,0.0264113284647
2017-05-29 06:30:00,1.25881206989,0.0271292887628,0.0255672968924
2017-05-29 07:30:00,1.2587403059,0.0271159783006,0.0255455821753
2017-05-29 08:30:00,1.24637615681,0.0293572265655,0.0277748182416
2017-05-29 09:30:00,1.23795437813,0.0291743483394,0.0276089422405
2017-05-29 10:30:00,1.23190319538,0.028939910233,0.027383601293
2017-05-29 11:30:00,1.23389136791,0.0287772044539,0.0272127538919
2017-05-29 12:30:00,1.23440170288,0.0287733115256,0.0272287689149
2017-05-29 13:30:00,1.22927486897,0.0295124538243,0.0279675014317
2017-05-29 14:30:00,1.22217130661,0.0316064283252,0.0300325509161
2017-05-29 15:30:00,1.22524321079,0.0310033615679,0.0295127816498
2017-05-29 16:30:00,1.26855576038,0.0344544649124,0.0329559072852
2017-05-29 17:30:00,1.30922472477,0.0416000932455,0.0400587804615
2017-05-29 18:30:00,1.31187772751,0.0444795377553,0.0428670123219
2017-05-29 19:30:00,1.31980788708,0.0480529777706,0.0464743077755
2017-05-29 20:30:00,1.3238670826,0.0477886423469,0.0462441928685
2017-05-29 21:30:00,1.31481647491,0.044001352042,0.0425400845706
2017-05-29 22:30:00,1.32422089577,0.040864340961,0.0394488312304
2017-05-29 23:30:00,1.33753800392,0.0355495363474,0.0341629311442
2017-05-30 00:30:00,1.34265971184,0.0309551153332,0.0295914486051
2017-05-30 01:30:00,1.3356320858,0.0289916414768,0.0276312641799
2017-05-30 02:30:00,1.32441318035,0.0285951346159,0.0272295773029
2017-05-30 03:30:00,1.3172608614,0.0273880586028,0.026034142822
2017-05-30 04:30:00,1.32317781448,0.0246564373374,0.0233281776309
2017-05-30 05:30:00,1.3284829855,0.0225081872195,0.0212087165564
2017-05-30 06:30:00,1.32548999786,0.0209898687899,0.0197056550533
2017-05-30 07:30:00,1.3187366724,0.0196503214538,0.0183819625527
2017-05-30 08:30:00,1.31234288216,0.0182499755174,0.0169959831983
2017-05-30 09:30:00,1.31367719173,0.0168100334704,0.0155723486096
2017-05-30 10:30:00,1.3214597702,0.0155901489779,0.0143619328737
2017-05-30 11:30:00,1.33329772949,0.0149409584701,0.0137052759528
2017-05-30 12:30:00,1.33882808685,0.01471151039,0.0134683661163
2017-05-30 13:30:00,1.34932208061,0.015148550272,0.0138876689598
2017-05-30 14:30:00,1.36500036716,0.0159681420773,0.0146832019091
2017-05-30 15:30:00,1.36955785751,0.0178319197148,0.0164527110755
2017-05-30 16:30:00,1.39219725132,0.0192645657808,0.0178638417274
2017-05-30 17:30:00,1.41127312183,0.0219473876059,0.0204822421074
2017-05-30 18:30:00,1.42066478729,0.0247983876616,0.0232596769929
2017-05-30 19:30:00,1.45797634125,0.0274273548275,0.0258566271514
2017-05-30 20:30:00,1.49567055702,0.0296216197312,0.0280325450003
2017-05-30 21:30:00,1.5178694725,0.0308459550142,0.0292169954628
2017-05-30 22:30:00,1.52015244961,0.0306641422212,0.028990663588
2017-05-30 23:30:00,1.51308596134,0.0289364829659,0.0272530801594
2017-05-31 00:30:00,1.51158094406,0.0272012185305,0.0255344957113
2017-05-31 01:30:00,1.51860201359,0.0262509547174,0.0245816148818
2017-05-31 02:30:00,1.52930891514,0.0257876180112,0.0241125822067
2017-05-31 03:30:00,1.53945720196,0.025329535827,0.0236397124827
2017-05-31 04:30:00,1.54539561272,0.024775551632,0.023060515523
2017-05-31 05:30:00,1.54854822159,0.0243151895702,0.0225258730352
2017-05-31 06:30:00,1.54381120205,0.0236192848533,0.0217431001365
2017-05-31 07:30:00,1.53607809544,0.0225226338953,0.0205948129296
2017-05-31 08:30:00,1.52781927586,0.0211962144822,0.0192651301622
2017-05-31 09:30:00,1.51483333111,0.0198679063469,0.0179646071047
2017-05-31 10:30:00,1.49869155884,0.0187435355037,0.0168781392276
2017-05-31 11:30:00,1.48334133625,0.0177365597337,0.015919663012
2017-05-31 12:30:00,1.47875440121,0.017132434994,0.0153650529683
2017-05-31 13:30:00,1.48861455917,0.017190489918,0.0154558597133
2017-05-31 14:30:00,1.50593090057,0.0174634288996,0.0157590005547
2017-05-31 15:30:00,1.52384519577,0.0177403613925,0.0160453952849
2017-05-31 16:30:00,1.54645812511,0.0183263868093,0.0166186373681
2017-05-31 17:30:00,1.57121932507,0.019488574937,0.0177487060428
2017-05-31 18:30:00,1.61716592312,0.0201335530728,0.0183664225042
2017-05-31 19:30:00,1.63331973553,0.0211143698543,0.0192840304226
2017-05-31 20:30:00,1.64595460892,0.021854352206,0.0199726764113
2017-05-31 21:30:00,1.64035046101,0.0209961123765,0.0191452223808
2017-05-31 22:30:00,1.60157036781,0.0189132206142,0.0171627532691
2017-05-31 23:30:00,1.55310988426,0.0170212909579,0.0153644215316
2017-06-01 00:30:00,1.52026689053,0.0158203728497,0.0142220119014
2017-06-01 01:30:00,1.50237572193,0.0150271421298,0.0134744066745
2017-06-01 02:30:00,1.49418210983,0.0143828010187,0.012881568633
2017-06-01 03:30:00,1.48598051071,0.0137817375362,0.0123351151124
2017-06-01 04:30:00,1.47877120972,0.0133199095726,0.0119127798826
2017-06-01 05:30:00,1.48083305359,0.0131087852642,0.0117275016382
2017-06-01 06:30:00,1.48005533218,0.012828245759,0.0114861447364
2017-06-01 07:30:00,1.47417366505,0.0124704195186,0.0111541589722
2017-06-01 08:30:00,1.46426558495,0.0122216064483,0.0109117431566
2017-06-01 09:30:00,1.44797503948,0.0124102141708,0.0110917128623
2017-06-01 10:30:00,1.4160130024,0.0135121261701,0.0121856071055
2017-06-01 11:30:00,1.40161597729,0.0139546161518,0.0126267438754
2017-06-01 12:30:00,1.40365493298,0.013768909499,0.0124499248341
2017-06-01 13:30:00,1.4451508522,0.0125024970621,0.0111904889345
2017-06-01 14:30:00,1.4664721489,0.0124581316486,0.0111407004297
2017-06-01 15:30:00,1.36035442352,0.0152083728462,0.0137975756079
2017-06-01 16:30:00,1.3831911087,0.0157872978598,0.0143600506708
2017-06-01 17:30:00,1.40222144127,0.0164338164032,0.0149767342955
2017-06-01 18:30:00,1.2795535326,0.0203243158758,0.0187395270914
2017-06-01 19:30:00,1.29842114449,0.0217433273792,0.0201442372054
2017-06-01 20:30:00,1.33812010288,0.0208498295397,0.0192258097231
2017-06-01 21:30:00,1.36716604233,0.0200248621404,0.0184020847082
2017-06-01 22:30:00,1.33771920204,0.0222362335771,0.0206122901291
2017-06-01 23:30:00,1.32811427116,0.0220019742846,0.0204001683742
2017-06-02 00:30:00,1.34077608585,0.0207135938108,0.0191333573312
2017-06-02 01:30:00,1.35376870632,0.0197795871645,0.0182095207274
2017-06-02 02:30:00,1.38030362129,0.0177370682359,0.0161910969764
2017-06-02 03:30:00,1.4112906456,0.0151857174933,0.013677441515
2017-06-02 04:30:00,1.41100311279,0.0150695918128,0.0135600492358
2017-06-02 05:30:00,1.41347646713,0.0152236539871,0.0137094091624
2017-06-02 06:30:00,1.42054033279,0.0150439701974,0.0135437687859
2017-06-02 07:30:00,1.42573070526,0.0146710146219,0.0132059501484
2017-06-02 08:30:00,1.42589700222,0.0139060374349,0.0124931978062
2017-06-02 09:30:00,1.42400407791,0.0136730056256,0.012287158519
2017-06-02 10:30:00,1.42263031006,0.0143890213221,0.0129973711446
2017-06-02 11:30:00,1.36795723438,0.0178494527936,0.0164130888879
2017-06-02 12:30:00,1.34487950802,0.0195552781224,0.0180911384523
2017-06-02 13:30:00,1.37191808224,0.0180187691003,0.0165630616248
2017-06-02 14:30:00,1.41845345497,0.0160053782165,0.0145452907309
2017-06-02 15:30:00,1.23658525944,0.0198160149157,0.0180586073548
2017-06-02 16:30:00,1.2663564682,0.0209283344448,0.0190728381276
2017-06-02 17:30:00,1.28902196884,0.0225308220834,0.0206171814352
2017-06-02 18:30:00,1.27358484268,0.0263287331909,0.0243201870471
2017-06-02 19:30:00,1.29679501057,0.028087919578,0.0260655190796
2017-06-02 20:30:00,1.33727872372,0.0285068880767,0.0264990366995
2017-06-02 21:30:00,1.36502957344,0.0287768021226,0.02680006437
2017-06-02 22:30:00,1.37686741352,0.0284535065293,0.0265360344201
2017-06-02 23:30:00,1.37918567657,0.0270297639072,0.0252328515053
2017-06-03 00:30:00,1.36792302132,0.0253971479833,0.0237056910992
2017-06-03 01:30:00,1.38807296753,0.023192897439,0.0215544756502
2017-06-03 02:30:00,1.40953814983,0.0221880469471,0.0205642748624
2017-06-03 03:30:00,1.41838848591,0.0220573320985,0.0204518232495
2017-06-03 04:30:00,1.39099526405,0.0237044021487,0.022094219923
2017-06-03 05:30:00,1.38452935219,0.0258276574314,0.0241652540863
2017-06-03 06:30:00,1.37622249126,0.0288134757429,0.0270765107125
2017-06-03 07:30:00,1.38835179806,0.0286567509174,0.0269072987139
2017-06-03 08:30:00,1.402526021,0.0277713872492,0.0260437186807
2017-06-03 09:30:00,1.38735496998,0.0298971198499,0.028164723888
2017-06-03 10:30:00,1.37472128868,0.0312067754567,0.0294884517789
2017-06-03 11:30:00,1.36448800564,0.0309995263815,0.0293289031833
2017-06-03 12:30:00,1.34950149059,0.0309331696481,0.0293110348284
2017-06-03 13:30:00,1.35072541237,0.0308752488345,0.0292728915811
2017-06-03 14:30:00,1.3516395092,0.0317519307137,0.0301450751722
2017-06-03 15:30:00,1.39011073112,0.0298317149282,0.0282739363611
2017-06-03 16:30:00,1.39390563965,0.0316942930222,0.030121717602
2017-06-03 17:30:00,1.40890276432,0.0338184647262,0.0322130136192
2017-06-03 18:30:00,1.42726707458,0.0330487564206,0.0314452573657
2017-06-03 19:30:00,1.43713319302,0.0317629985511,0.0301536042243
2017-06-03 20:30:00,1.43618428707,0.0306480880827,0.0290459319949
2017-06-03 21:30:00,1.4423416853,0.0283611658961,0.0267685484141
2017-06-03 22:30:00,1.43559491634,0.0254242457449,0.0238697379827
2017-06-03 23:30:00,1.41446316242,0.0240633729845,0.0225466880947
2017-06-04 00:30:00,1.39158415794,0.0236455872655,0.0221549216658
2017-06-04 01:30:00,1.38969707489,0.0217579975724,0.0203003305942
2017-06-04 02:30:00,1.37763476372,0.0205197483301,0.0191072300076
2017-06-04 03:30:00,1.37841188908,0.0197468940169,0.0183560550213
2017-06-04 04:30:00,1.40371453762,0.017513025552,0.0161549076438
2017-06-04 05:30:00,1.43237566948,0.0156357400119,0.0143015068024
2017-06-04 06:30:00,1.43213617802,0.0154924672097,0.0141648389399
2017-06-04 07:30:00,1.41907739639,0.0157138127834,0.0143904872239
2017-06-04 08:30:00,1.41017949581,0.0159384831786,0.0146077722311
2017-06-04 09:30:00,1.42371630669,0.0152195263654,0.0138754229993
2017-06-04 10:30:00,1.40566170216,0.015883218497,0.014529498294
2017-06-04 11:30:00,1.39075577259,0.0161691587418,0.0148287415504
2017-06-04 12:30:00,1.38477873802,0.0167222935706,0.0153946569189
2017-06-04 13:30:00,1.38746035099,0.0174278151244,0.0160905774683
2017-06-04 14:30:00,1.37412238121,0.0194431263953,0.0180836617947
2017-06-04 15:30:00,1.28693294525,0.0231873989105,0.0217053852975
2017-06-04 16:30:00,1.31678700447,0.0265964046121,0.025084361434
2017-06-04 17:30:00,1.35301983356,0.0294097848237,0.0278394967318
2017-06-04 18:30:00,1.37156486511,0.031212547794,0.0295816212893
2017-06-04 19:30:00,1.39499402046,0.0316007882357,0.0299550630152
2017-06-04 20:30:00,1.40698564053,0.0303558912128,0.0287219043821
2017-06-04 21:30:00,1.41080474854,0.0276033971459,0.0260304026306
2017-06-04 22:30:00,1.40481567383,0.0249934438616,0.0234818700701
2017-06-04 23:30:00,1.40360021591,0.0230260416865,0.021541994065
2017-06-05 00:30:00,1.39894664288,0.0223514642566,0.0208789072931
2017-06-05 01:30:00,1.38634085655,0.0227636806667,0.0212865881622
2017-06-05 02:30:00,1.37942957878,0.0233020149171,0.0218204688281
2017-06-05 03:30:00,1.35738825798,0.0242078118026,0.0227141231298
2017-06-05 04:30:00,1.35659408569,0.0237195603549,0.0222342070192
2017-06-05 05:30:00,1.35836803913,0.0239799320698,0.0224873684347
2017-06-05 06:30:00,1.35635828972,0.024910222739,0.0233869701624
2017-06-05 07:30:00,1.35367715359,0.0250337645411,0.0235308781266
2017-06-05 08:30:00,1.35668551922,0.0244143903255,0.0229477081448
2017-06-05 09:30:00,1.3631850481,0.0236035175622,0.0221470408142
2017-06-05 10:30:00,1.35989439487,0.0228396207094,0.0213983282447
2017-06-05 11:30:00,1.34919810295,0.022160006687,0.020748546347
2017-06-05 12:30:00,1.34407508373,0.0209391284734,0.0195441562682
2017-06-05 13:30:00,1.34880495071,0.0206065960228,0.0192098468542
2017-06-05 14:30:00,1.35917365551,0.0216789282858,0.0202434882522
2017-06-05 15:30:00,1.38984572887,0.0225739646703,0.0211199447513
2017-06-05 16:30:00,1.39677917957,0.0246871020645,0.0231268722564
2017-06-05 17:30:00,1.40657436848,0.027695460245,0.0260227266699
2017-06-05 18:30:00,1.49472784996,0.0285764075816,0.0269153043628
2017-06-05 19:30:00,1.4560328722,0.0309465825558,0.0291947647929
2017-06-05 20:30:00,1.41576957703,0.0324098691344,0.0306229293346
2017-06-05 21:30:00,1.3902837038,0.0322844199836,0.0304987523705
2017-06-05 22:30:00,1.376719594,0.0299640577286,0.0282397214323
2017-06-05 23:30:00,1.37220442295,0.0267587844282,0.025123750791
2017-06-06 00:30:00,1.37384402752,0.0243612788618,0.0228007286787
2017-06-06 01:30:00,1.38135242462,0.022598605603,0.0211095940322
2017-06-06 02:30:00,1.38925123215,0.0213436298072,0.0198964700103
2017-06-06 03:30:00,1.39685082436,0.0210682600737,0.0196453593671
2017-06-06 04:30:00,1.404687047,0.0221305284649,0.0206969976425
2017-06-06 05:30:00,1.41129744053,0.0247035417706,0.023216817528
2017-06-06 06:30:00,1.406883955,0.027713008225,0.0261878054589
2017-06-06 07:30:00,1.39654481411,0.0297074131668,0.0281765479594
2017-06-06 08:30:00,1.38510072231,0.0299831274897,0.0284712761641
2017-06-06 09:30:00,1.37716519833,0.0292915739119,0.0277870055288
2017-06-06 10:30:00,1.37073743343,0.0280374251306,0.0265477802604
2017-06-06 11:30:00,1.3607738018,0.0263239685446,0.0248609408736
2017-06-06 12:30:00,1.34996914864,0.0250358171761,0.0235934983939
2017-06-06 13:30:00,1.34063899517,0.0248010344803,0.0233603324741
2017-06-06 14:30:00,1.33695816994,0.0248193740845,0.0233512390405
2017-06-06 15:30:00,1.35817682743,0.0220048371702,0.0206215530634
2017-06-06 16:30:00,1.36589169502,0.0219570603222,0.0205270890146
2017-06-06 17:30:00,1.374117136,0.0230595842004,0.0215704739094
2017-06-06 18:30:00,1.37444519997,0.0238233618438,0.0223186705261
2017-06-06 19:30:00,1.39912867546,0.0254723243415,0.023909708485
2017-06-06 20:30:00,1.41299068928,0.026603769511,0.0249933823943
2017-06-06 21:30:00,1.41619563103,0.0268021523952,0.0251746866852
2017-06-06 22:30:00,1.40656685829,0.0259492024779,0.0243299789727
2017-06-06 23:30:00,1.38605010509,0.0244470722973,0.0228498280048
2017-06-07 00:30:00,1.36481416225,0.0238370858133,0.0222667865455
2017-06-07 01:30:00,1.35403287411,0.0249484591186,0.0233562272042
2017-06-07 02:30:00,1.34664082527,0.0269386433065,0.025288708508
2017-06-07 03:30:00,1.34005761147,0.0284939371049,0.0268074255437
2017-06-07 04:30:00,1.33715820312,0.0300048086792,0.0282841064036
2017-06-07 05:30:00,1.33719527721,0.0338972806931,0.0320918299258
2017-06-07 06:30:00,1.33823359013,0.0408028922975,0.0388941429555
2017-06-07 07:30:00,1.33962440491,0.0469238087535,0.0449517183006
2017-06-07 08:30:00,1.33202946186,0.0518553480506,0.0498333014548
2017-06-07 09:30:00,1.31438720226,0.0561851076782,0.0541183054447
2017-06-07 10:30:00,1.31857073307,0.0617383122444,0.059649977833
2017-06-07 11:30:00,1.35456299782,0.0727371424437,0.0706366747618
2017-06-07 12:30:00,1.37156772614,0.0950539335608,0.093007273972
2017-06-07 13:30:00,1.37565267086,0.116870142519,0.114876993001
2017-06-07 14:30:00,1.37656855583,0.117816314101,0.115974314511
2017-06-07 15:30:00,1.38143503666,0.0974972769618,0.0960403755307
2017-06-07 16:30:00,1.34573411942,0.117865070701,0.116394676268
2017-06-07 17:30:00,1.30903375149,0.124765522778,0.123256027699
2017-06-07 18:30:00,1.20137548447,0.0906267389655,0.0893089398742
2017-06-07 19:30:00,1.15163099766,0.104074537754,0.102741345763
2017-06-07 20:30:00,1.14028537273,0.0959727615118,0.0946400910616
2017-06-07 21:30:00,1.15712583065,0.109115891159,0.107784941792
2017-06-07 22:30:00,1.16014504433,0.117685295641,0.116354338825
2017-06-07 23:30:00,1.19350004196,0.0963797271252,0.0950611382723
2017-06-08 00:30:00,1.23883068562,0.0944392681122,0.0931495726109
2017-06-08 01:30:00,1.26561367512,0.0884299650788,0.0871714279056
2017-06-08 02:30:00,1.27760016918,0.0764987766743,0.0752606317401
2017-06-08 03:30:00,1.3119533062,0.0678733214736,0.0667080432177
2017-06-08 04:30:00,1.36676096916,0.0556311272085,0.0545236133039
2017-06-08 05:30:00,1.42447686195,0.0447826832533,0.0437079668045
2017-06-08 06:30:00,1.45774698257,0.0389736369252,0.0378735885024
2017-06-08 07:30:00,1.46278738976,0.0356160476804,0.0344868786633
2017-06-08 08:30:00,1.45964276791,0.0317815616727,0.0306156873703
2017-06-08 09:30:00,1.45261931419,0.0270781312138,0.0258870758116
2017-06-08 10:30:00,1.43993461132,0.0227432008833,0.0215591806918
2017-06-08 11:30:00,1.42115664482,0.0202057119459,0.0190179608762
2017-06-08 12:30:00,1.41440844536,0.0188815183938,0.0177014358342
2017-06-08 13:30:00,1.41874444485,0.0173247735947,0.0161901414394
2017-06-08 14:30:00,1.42017388344,0.0154572315514,0.0144176119938
2017-06-08 15:30:00,1.43878436089,0.01318659354,0.0122747439891
2017-06-08 16:30:00,1.46708083153,0.0119970701635,0.0111653534696
2017-06-08 17:30:00,1.50254404545,0.011706886813,0.0109213907272
2017-06-08 18:30:00,1.29803884029,0.0158070679754,0.0148647716269
2017-06-08 19:30:00,1.3428555727,0.0152868181467,0.0143774216995
2017-06-08 20:30:00,1.37870240211,0.0149585139006,0.0140399010852
2017-06-08 21:30:00,1.40154862404,0.0146344052628,0.0137112680823
2017-06-08 22:30:00,1.41007363796,0.0134409144521,0.012559809722
2017-06-08 23:30:00,1.42202746868,0.0125152040273,0.0116854468361
2017-06-09 00:30:00,1.44230973721,0.012225153856,0.0114110559225
2017-06-09 01:30:00,1.4581515789,0.0121694160625,0.0113565772772
2017-06-09 02:30:00,1.4704362154,0.012141013518,0.0113422712311
2017-06-09 03:30:00,1.4785438776,0.01166738756,0.0109023153782
2017-06-09 04:30:00,1.48419797421,0.010652827099,0.00993446074426
2017-06-09 05:30:00,1.48523497581,0.00994142703712,0.00923865474761
2017-06-09 06:30:00,1.49850153923,0.00928086508065,0.00859200395644
2017-06-09 07:30:00,1.51345610619,0.00860531535,0.00793405529112
2017-06-09 08:30:00,1.51691794395,0.00820948369801,0.00751338899136
2017-06-09 09:30:00,1.51819062233,0.00798995420337,0.00725858472288
2017-06-09 10:30:00,1.5227202177,0.00788931827992,0.00713345780969
2017-06-09 11:30:00,1.52904391289,0.00792052876204,0.00714051164687
2017-06-09 12:30:00,1.53638803959,0.00807940587401,0.00727817323059
2017-06-09 13:30:00,1.55062413216,0.00835958682001,0.00754564115778
2017-06-09 14:30:00,1.57083261013,0.00878375303,0.00796510092914
2017-06-09 15:30:00,1.10067212582,0.0130902631208,0.0121847242117
2017-06-09 16:30:00,1.14099752903,0.0138442637399,0.0129246953875
2017-06-09 17:30:00,1.1910378933,0.0146038178355,0.0136798787862
2017-06-09 18:30:00,0.991491556168,0.0184670463204,0.0174672007561
2017-06-09 19:30:00,1.05675113201,0.0190274529159,0.0180205777287
2017-06-09 20:30:00,1.12102150917,0.0189269147813,0.0179294236004
2017-06-09 21:30:00,1.17321276665,0.017922475934,0.0169486086816
2017-06-09 22:30:00,1.20366251469,0.0162303652614,0.0152848418802
2017-06-09 23:30:00,1.22547888756,0.0146930534393,0.0137793421745
2017-06-10 00:30:00,1.24465250969,0.0135458186269,0.0126540139318
2017-06-10 01:30:00,1.2575622797,0.0126316361129,0.0117652537301
2017-06-10 02:30:00,1.27161288261,0.012029428035,0.0111761745065
2017-06-10 03:30:00,1.29005765915,0.0116660986096,0.0108051514253
2017-06-10 04:30:00,1.31086742878,0.0111638149247,0.0103008663282
2017-06-10 05:30:00,1.33136427402,0.0105563569814,0.00971210002899
2017-06-10 06:30:00,1.3435690403,0.0102504258975,0.0094321668148
2017-06-10 07:30:00,1.35325503349,0.0102362083271,0.00944658089429
2017-06-10 08:30:00,1.37455391884,0.0101771596819,0.00939284823835
2017-06-10 09:30:00,1.39941811562,0.0100233834237,0.00924014300108
2017-06-10 10:30:00,1.42801344395,0.00959490891546,0.00881368108094
2017-06-10 11:30:00,1.45185697079,0.00916878134012,0.00839185155928
2017-06-10 12:30:00,1.47696077824,0.00882752612233,0.00805460568517
2017-06-10 13:30:00,1.4991363287,0.00890018511564,0.00812332052737
2017-06-10 14:30:00,1.5215511322,0.00931543949991,0.00851817708462
2017-06-10 15:30:00,1.39805531502,0.0109363812953,0.0100792003796
2017-06-10 16:30:00,1.42099547386,0.0118904849514,0.0109856706113
2017-06-10 17:30:00,1.4348808527,0.0132848825306,0.0123224016279
2017-06-10 18:30:00,1.47284972668,0.0148375146091,0.0138209313154
2017-06-10 19:30:00,1.47930002213,0.0167952217162,0.015705011785
2017-06-10 20:30:00,1.48492741585,0.0180347692221,0.0168822146952
2017-06-10 21:30:00,1.49040424824,0.018070558086,0.0168937928975
2017-06-10 22:30:00,1.49607670307,0.0171466525644,0.0159828364849
2017-06-10 23:30:00,1.50036072731,0.0162596013397,0.0151221100241
2017-06-11 00:30:00,1.504088521,0.0157132185996,0.0145847387612
2017-06-11 01:30:00,1.50655519962,0.0151922237128,0.0140756499022
2017-06-11 02:30:00,1.50729060173,0.0147134680301,0.0136021655053
2017-06-11 03:30:00,1.50798618793,0.0142734870315,0.013167056255
2017-06-11 04:30:00,1.51295125484,0.0139249274507,0.0128189381212
2017-06-11 05:30:00,1.51910877228,0.0139385992661,0.0128245912492
2017-06-11 06:30:00,1.52487254143,0.0142164723948,0.0130868861452
2017-06-11 07:30:00,1.5277941227,0.0143983922899,0.0132648358122
2017-06-11 08:30:00,1.53011441231,0.0144338952377,0.0132913533598
2017-06-11 09:30:00,1.53324997425,0.0144026950002,0.0132603012025
2017-06-11 10:30:00,1.53690028191,0.0144548323005,0.0133124375716
2017-06-11 11:30:00,1.54065454006,0.0146220754832,0.0134774921462
2017-06-11 12:30:00,1.54705798626,0.0149155464023,0.0137666799128
2017-06-11 13:30:00,1.5599257946,0.0153490845114,0.0142042338848
2017-06-11 14:30:00,1.57601630688,0.015822019428,0.0146865919232
2017-06-11 15:30:00,1.37087225914,0.0193734299392,0.0181465130299
2017-06-11 16:30:00,1.39715528488,0.0203137919307,0.0190880410373
2017-06-11 17:30:00,1.41468250751,0.0218143463135,0.02057377249
2017-06-11 18:30:00,1.33897566795,0.0247633494437,0.023454355076
2017-06-11 19:30:00,1.37433636189,0.02607656084,0.0247755069286
2017-06-11 20:30:00,1.3981038332,0.0264211948961,0.0251281987876
2017-06-11 21:30:00,1.41094529629,0.0256753154099,0.024381371215
2017-06-11 22:30:00,1.41030681133,0.0239647943527,0.0226850416511
2017-06-11 23:30:00,1.39784383774,0.0220587700605,0.0207994915545
2017-06-12 00:30:00,1.3818718195,0.0211780071259,0.0199173092842
2017-06-12 01:30:00,1.36955094337,0.0205311477184,0.0192755721509
2017-06-12 02:30:00,1.36410808563,0.0196536146104,0.0184041913599
2017-06-12 03:30:00,1.36747944355,0.0187652725726,0.017540756613
2017-06-12 04:30:00,1.37761569023,0.0180350616574,0.0168242119253
2017-06-12 05:30:00,1.38579452038,0.0179333221167,0.016740327701
2017-06-12 06:30:00,1.38808882236,0.0184041969478,0.0172172356397
2017-06-12 07:30:00,1.39414906502,0.0187435485423,0.0175437778234
2017-06-12 08:30:00,1.38808369637,0.0193976797163,0.018171235919
2017-06-12 09:30:00,1.38310718536,0.0197738967836,0.0185295250267
2017-06-12 10:30:00,1.3735820055,0.0199818126857,0.018716160208
2017-06-12 11:30:00,1.35279738903,0.0206183567643,0.0193277243525
2017-06-12 12:30:00,1.33542084694,0.0213572196662,0.0200532488525
2017-06-12 13:30:00,1.33389234543,0.0215112753212,0.0202238690108
2017-06-12 14:30:00,1.34079658985,0.021609807387,0.0203270670027
2017-06-12 15:30:00,1.25950920582,0.0243861023337,0.0229972228408
2017-06-12 16:30:00,1.29453372955,0.0254688989371,0.0240992959589
2017-06-12 17:30:00,1.31762993336,0.0280245952308,0.0266170371324
2017-06-12 18:30:00,1.37775933743,0.0272206068039,0.0258360803127
2017-06-12 19:30:00,1.3912883997,0.0294496472925,0.0279964394867
2017-06-12 20:30:00,1.40283429623,0.0290875099599,0.0276342276484
2017-06-12 21:30:00,1.4168381691,0.0259982682765,0.0246135089546
2017-06-12 22:30:00,1.42428505421,0.024634744972,0.0232726763934
2017-06-12 23:30:00,1.42749798298,0.0242260955274,0.0228768996894
2017-06-13 00:30:00,1.43658459187,0.0227724425495,0.0214672870934
2017-06-13 01:30:00,1.44760489464,0.0210215281695,0.0197541564703
2017-06-13 02:30:00,1.45956194401,0.0190783310682,0.0178524814546
2017-06-13 03:30:00,1.4677233696,0.0178245231509,0.0166174601763
2017-06-13 04:30:00,1.46937656403,0.0172399692237,0.0160312540829
2017-06-13 05:30:00,1.4708994627,0.016055252403,0.0148510159925
2017-06-13 06:30:00,1.46704173088,0.0146048283204,0.0134367458522
2017-06-13 07:30:00,1.45982420444,0.013333035633,0.0121841970831
2017-06-13 08:30:00,1.44147503376,0.0128264185041,0.0116700055078
2017-06-13 09:30:00,1.41342651844,0.0129562597722,0.0117846662179
2017-06-13 10:30:00,1.37987625599,0.0134482942522,0.0122678959742
2017-06-13 11:30:00,1.34877490997,0.0138769028708,0.0126802036539
2017-06-13 12:30:00,1.32889950275,0.0146290417761,0.0134223839268
2017-06-13 13:30:00,1.30848515034,0.0168608874083,0.0156348198652
2017-06-13 14:30:00,1.28677344322,0.0194130782038,0.0181596688926
2017-06-13 15:30:00,1.26645827293,0.0239963568747,0.0224897488952
2017-06-13 16:30:00,1.28168404102,0.0247650947422,0.0232979021966
2017-06-13 17:30:00,1.2858761549,0.0278504919261,0.0263879504055
2017-06-13 18:30:00,1.2879472971,0.0312333051115,0.0297305397689
2017-06-13 19:30:00,1.30758333206,0.0325039327145,0.0310256499797
2017-06-13 20:30:00,1.32283043861,0.0311787314713,0.0297536533326
2017-06-13 21:30:00,1.33361101151,0.0299408100545,0.0285456366837
2017-06-13 22:30:00,1.33687031269,0.0276578105986,0.0263009350747
2017-06-13 23:30:00,1.32908797264,0.0255972575396,0.0242939125746
2017-06-14 00:30:00,1.31454277039,0.0242954678833,0.0230545662344
2017-06-14 01:30:00,1.31300890446,0.0225557666272,0.0213454961777
2017-06-14 02:30:00,1.30509018898,0.0223390236497,0.0211210194975
2017-06-14 03:30:00,1.28185772896,0.0238791201264,0.0225997753441
2017-06-14 04:30:00,1.24425923824,0.0269168764353,0.0255000870675
2017-06-14 05:30:00,1.21439909935,0.0300537999719,0.028470415622
2017-06-14 06:30:00,1.19616580009,0.032743729651,0.0310487598181
2017-06-14 07:30:00,1.19230473042,0.0337527319789,0.0320357829332
2017-06-14 08:30:00,1.19837737083,0.03333568573,0.0316425673664
2017-06-14 09:30:00,1.21051418781,0.0334690697491,0.0317677371204
2017-06-14 10:30:00,1.22367048264,0.0350911282003,0.033352330327
2017-06-14 11:30:00,1.23782765865,0.0366918258369,0.0349158383906
2017-06-14 12:30:00,1.24856209755,0.0374041981995,0.0356290601194
2017-06-14 13:30:00,1.25852274895,0.0373163037002,0.0355567969382
2017-06-14 14:30:00,1.27619409561,0.036303319037,0.0345656313002
2017-06-14 15:30:00,1.28571391106,0.0360793247819,0.0343566946685
2017-06-14 16:30:00,1.29045164585,0.037810370326,0.0360581986606
2017-06-14 17:30:00,1.29465663433,0.0417041555047,0.0398906096816
2017-06-14 18:30:00,1.29820597172,0.0420861952007,0.0402867272496
2017-06-14 19:30:00,1.28474235535,0.0413827337325,0.0396281033754
2017-06-14 20:30:00,1.28166127205,0.0389481782913,0.037284296006
2017-06-14 21:30:00,1.29381263256,0.0342261679471,0.0327057912946
2017-06-14 22:30:00,1.30667626858,0.0305620264262,0.0291315708309
2017-06-14 23:30:00,1.31202721596,0.0288767274469,0.0274853222072
2017-06-15 00:30:00,1.3051943779,0.028663052246,0.027268609032
2017-06-15 01:30:00,1.29053378105,0.0280106943101,0.0266088526696
2017-06-15 02:30:00,1.28261256218,0.0263945851475,0.0250006448478
2017-06-15 03:30:00,1.2873698473,0.0246978104115,0.0233198925853
2017-06-15 04:30:00,1.28471279144,0.0238722916692,0.0224943719804
2017-06-15 05:30:00,1.29661619663,0.0225741732866,0.0211960338056
2017-06-15 06:30:00,1.3032207489,0.0214945357293,0.0201389826834
2017-06-15 07:30:00,1.30830967426,0.0206144787371,0.0192926730961
2017-06-15 08:30:00,1.30920338631,0.0203242283314,0.019020434469
2017-06-15 09:30:00,1.30127000809,0.0208649281412,0.019551448524
2017-06-15 10:30:00,1.30701804161,0.0210750270635,0.0197460874915
2017-06-15 11:30:00,1.31896805763,0.0212194621563,0.0198767818511
2017-06-15 12:30:00,1.32224965096,0.0222824756056,0.0209393780679
2017-06-15 13:30:00,1.31745195389,0.0236562900245,0.0222686585039
2017-06-15 14:30:00,1.31205523014,0.024857096374,0.0234165377915
2017-06-15 15:30:00,1.24885892868,0.0275397226214,0.0260354317725
2017-06-15 16:30:00,1.27068734169,0.0308788586408,0.0293049030006
2017-06-15 17:30:00,1.28190803528,0.0347752943635,0.0331422872841
2017-06-15 18:30:00,1.23890089989,0.0387580804527,0.0370991714299
2017-06-15 19:30:00,1.30121600628,0.0395591780543,0.0378824882209
2017-06-15 20:30:00,1.3259370327,0.0398801676929,0.0381547696888
2017-06-15 21:30:00,1.35263478756,0.0383554287255,0.0366322994232
2017-06-15 22:30:00,1.37477207184,0.0365292616189,0.0348180830479
2017-06-15 23:30:00,1.39315140247,0.0351321622729,0.0334558486938
2017-06-16 00:30:00,1.40894246101,0.0341932289302,0.0325376726687
2017-06-16 01:30:00,1.41482174397,0.0344847142696,0.0328280702233
2017-06-16 02:30:00,1.41888558865,0.0347481444478,0.0330920107663
2017-06-16 03:30:00,1.41003227234,0.0355575978756,0.0339047536254
2017-06-16 04:30:00,1.39186573029,0.0365552864969,0.0348979867995
2017-06-16 05:30:00,1.36840498447,0.0356584750116,0.0340625345707
2017-06-16 06:30:00,1.35888111591,0.0318081863225,0.0303186159581
2017-06-16 07:30:00,1.36557996273,0.0270760543644,0.0256882421672
2017-06-16 08:30:00,1.36061275005,0.0239522177726,0.0226630587131
2017-06-16 09:30:00,1.36475229263,0.021331127733,0.020109931007
2017-06-16 10:30:00,1.37684750557,0.0190352071077,0.0178693570197
2017-06-16 11:30:00,1.38154649734,0.0177560243756,0.0166351813823
2017-06-16 12:30:00,1.3855843544,0.0171915646642,0.0160956904292
2017-06-16 13:30:00,1.37391233444,0.0173525847495,0.0162512436509
2017-06-16 14:30:00,1.34871768951,0.0185787454247,0.0174486972392
2017-06-16 15:30:00,1.31764507294,0.0216636136174,0.0204821247607
2017-06-16 16:30:00,1.24617469311,0.0258722640574,0.0246465839446
2017-06-16 17:30:00,1.16566085815,0.0299307275563,0.0286723449826
2017-06-16 18:30:00,1.08671867847,0.0390744917095,0.0378079451621
2017-06-16 19:30:00,0.98697668314,0.0422926023602,0.0410701930523
2017-06-16 20:30:00,0.851177215576,0.0404847487807,0.039293423295
2017-06-16 21:30:00,0.894004523754,0.0511042736471,0.049977209419
2017-06-16 22:30:00,0.90671056509,0.0410899557173,0.0399969220161
2017-06-16 23:30:00,0.877532720566,0.0334919691086,0.0324173979461
2017-06-17 00:30:00,0.989938437939,0.0468538329005,0.0458135604858
2017-06-17 01:30:00,0.986887633801,0.0361260250211,0.0350887291133
2017-06-17 02:30:00,0.968254387379,0.0256298370659,0.0245937351137
2017-06-17 03:30:00,1.06986832619,0.0406046919525,0.0395703352988
2017-06-17 04:30:00,1.0894753933,0.0281855612993,0.0271218307316
2017-06-17 05:30:00,1.05876851082,0.0236599761993,0.0225504674017
2017-06-17 06:30:00,1.09559452534,0.0498322173953,0.0487091317773
2017-06-17 07:30:00,1.09693002701,0.0344623401761,0.033308904618
2017-06-17 08:30:00,1.10507369041,0.0234043747187,0.0222563259304
2017-06-17 09:30:00,1.12494122982,0.0526407435536,0.0515065304935
2017-06-17 10:30:00,1.14189136028,0.0455067418516,0.0444011427462
2017-06-17 11:30:00,1.15279912949,0.0329105071723,0.0318403504789
2017-06-17 12:30:00,1.15157198906,0.0673608779907,0.0662752091885
2017-06-17 13:30:00,1.22253882885,0.0634138733149,0.0622927136719
2017-06-17 14:30:00,1.30280745029,0.0408601351082,0.0397217608988
2017-06-17 15:30:00,1.32352435589,0.0286673102528,0.027491254732
2017-06-17 16:30:00,1.32760202885,0.0254768319428,0.0242694597691
2017-06-17 17:30:00,1.3345181942,0.0232800152153,0.0220784153789
2017-06-17 18:30:00,1.35331213474,0.0224198885262,0.021188147366
2017-06-17 19:30:00,1.3773086071,0.0230539999902,0.021845811978
2017-06-17 20:30:00,1.36500561237,0.0249169096351,0.0237242393196
2017-06-17 21:30:00,1.34373891354,0.0263334270567,0.0251322779804
2017-06-17 22:30:00,1.33793103695,0.0261922441423,0.0249823667109
2017-06-17 23:30:00,1.37630653381,0.0236479882151,0.0224213413894
2017-06-18 00:30:00,1.40938150883,0.0213596709073,0.0201338361949
2017-06-18 01:30:00,1.42326307297,0.0201013460755,0.0188736021519
2017-06-18 02:30:00,1.41063702106,0.0202070903033,0.0189678408206
2017-06-18 03:30:00,1.39192354679,0.0200285948813,0.0187725648284
2017-06-18 04:30:00,1.37068653107,0.0198142230511,0.0185445453972
2017-06-18 05:30:00,1.34569120407,0.020481267944,0.0191945340484
2017-06-18 06:30:00,1.3369487524,0.0211877524853,0.019867837429
2017-06-18 07:30:00,1.32579386234,0.0227050557733,0.0213682260364
2017-06-18 08:30:00,1.31564164162,0.0238674245775,0.0225202124566
2017-06-18 09:30:00,1.31626951694,0.0236848946661,0.0223359651864
2017-06-18 10:30:00,1.33593177795,0.0206344164908,0.019298972562
2017-06-18 11:30:00,1.35263514519,0.0173303242773,0.0159912668169
2017-06-18 12:30:00,1.34263789654,0.0167649146169,0.015413954854
2017-06-18 13:30:00,1.34520733356,0.0158828739077,0.0145736373961
2017-06-18 14:30:00,1.35754549503,0.0155590223148,0.0142702199519
2017-06-18 15:30:00,1.23399627209,0.017946569249,0.0165842231363
2017-06-18 16:30:00,1.26632285118,0.0195553842932,0.0181575771421
2017-06-18 17:30:00,1.30442202091,0.0213326103985,0.0198801327497
2017-06-18 18:30:00,1.36966669559,0.0218770168722,0.0204040873796
2017-06-18 19:30:00,1.41837096214,0.0212997030467,0.0198173299432
2017-06-18 20:30:00,1.44801211357,0.0195835828781,0.0181091483682
2017-06-18 21:30:00,1.45604145527,0.0176672153175,0.0162069257349
2017-06-18 22:30:00,1.43898427486,0.0154757155105,0.0140576232225
2017-06-18 23:30:00,1.41009521484,0.0134953726083,0.0121250050142
2017-06-19 00:30:00,1.38947165012,0.0123412944376,0.0109946141019
2017-06-19 01:30:00,1.37759947777,0.0118101257831,0.0104693984613
2017-06-19 02:30:00,1.36529695988,0.0115091893822,0.0101713081822
2017-06-19 03:30:00,1.35945880413,0.0112893749028,0.00994879938662
2017-06-19 04:30:00,1.35998547077,0.0109995845705,0.0096825575456
2017-06-19 05:30:00,1.36681437492,0.0108143128455,0.00953153800219
2017-06-19 06:30:00,1.38024830818,0.0108390487731,0.00958368647844
2017-06-19 07:30:00,1.39863502979,0.0106351487339,0.00942637398839
2017-06-19 08:30:00,1.41200661659,0.0101011153311,0.00894860737026
2017-06-19 09:30:00,1.42483854294,0.00969509128481,0.00858113076538
2017-06-19 10:30:00,1.43361997604,0.00933437421918,0.00826970208436
2017-06-19 11:30:00,1.43626010418,0.00909143872559,0.00805580988526
2017-06-19 12:30:00,1.44555163383,0.00914983637631,0.00811123475432
2017-06-19 13:30:00,1.45439529419,0.00932445563376,0.00829379726201
2017-06-19 14:30:00,1.45575892925,0.00952571444213,0.00850074924529
2017-06-19 15:30:00,1.29396510124,0.0116963321343,0.0106236319989
2017-06-19 16:30:00,1.35128009319,0.0118431728333,0.0107775842771
2017-06-19 17:30:00,1.37648832798,0.0134847806767,0.0124029777944
2017-06-19 18:30:00,1.34141528606,0.0159562528133,0.0148226395249
2017-06-19 19:30:00,1.35681200027,0.0179291311651,0.0167567543685
2017-06-19 20:30:00,1.3309867382,0.0203364565969,0.019115306437
2017-06-19 21:30:00,1.39596104622,0.0160093456507,0.0147996880114
2017-06-19 22:30:00,1.44315981865,0.0135605130345,0.0123671721667
2017-06-19 23:30:00,1.41644310951,0.0152062755078,0.0139983007684
2017-06-20 00:30:00,1.38390600681,0.0165354441851,0.0153131019324
2017-06-20 01:30:00,1.38881790638,0.0164439491928,0.0152224637568
2017-06-20 02:30:00,1.41260647774,0.0153167108074,0.0141241718084
2017-06-20 03:30:00,1.40490686893,0.0158154070377,0.0146097689867
2017-06-20 04:30:00,1.40707349777,0.0160307101905,0.0148306880146
2017-06-20 05:30:00,1.37539887428,0.0179993901402,0.0168099347502
2017-06-20 06:30:00,1.31746590137,0.0220585856587,0.0208665002137
2017-06-20 07:30:00,1.32209861279,0.0216898415238,0.0204912591726
2017-06-20 08:30:00,1.37252938747,0.018656462431,0.0174578279257
2017-06-20 09:30:00,1.39207589626,0.0174973662943,0.0162898898125
2017-06-20 10:30:00,1.38851928711,0.0175754353404,0.0163510944694
2017-06-20 11:30:00,1.35678863525,0.0191836934537,0.0179399531335
2017-06-20 12:30:00,1.3317373991,0.0205137841403,0.0192439313978
2017-06-20 13:30:00,1.35123312473,0.0192802920938,0.0180020406842
2017-06-20 14:30:00,1.361145854,0.0183361526579,0.0170620959252
2017-06-20 15:30:00,1.19999027252,0.0236065965146,0.0221928469837
2017-06-20 16:30:00,1.1992367506,0.0254399757832,0.0239825379103
2017-06-20 17:30:00,1.20733654499,0.0255980156362,0.0241404473782
2017-06-20 18:30:00,1.24942171574,0.0236172620207,0.0222096163779
2017-06-20 19:30:00,1.31506884098,0.0201517753303,0.0188166387379
2017-06-20 20:30:00,1.36343204975,0.0195117034018,0.0181810073555
2017-06-20 21:30:00,1.36683237553,0.0214818622917,0.0201051253825
2017-06-20 22:30:00,1.36271870136,0.0217939633876,0.0204141773283
2017-06-20 23:30:00,1.40112233162,0.018364738673,0.0170494504273
2017-06-21 00:30:00,1.43243730068,0.0155953131616,0.0143468622118
2017-06-21 01:30:00,1.4350618124,0.015249947086,0.0140257291496
2017-06-21 02:30:00,1.42465305328,0.015643954277,0.0144144920632
2017-06-21 03:30:00,1.40608346462,0.016314920038,0.0150626040995
2017-06-21 04:30:00,1.36278116703,0.0182448215783,0.0169565007091
2017-06-21 05:30:00,1.35706663132,0.0182821620256,0.0169899687171
2017-06-21 06:30:00,1.33410596848,0.0197370368987,0.0184208583087
2017-06-21 07:30:00,1.3207821846,0.0202915500849,0.0189589448273
2017-06-21 08:30:00,1.3159018755,0.0207341499627,0.0193863194436
2017-06-21 09:30:00,1.30878674984,0.021501256153,0.0201217979193
2017-06-21 10:30:00,1.31054127216,0.0215185470879,0.0201286114752
2017-06-21 11:30:00,1.31185019016,0.0214476790279,0.0200459472835
2017-06-21 12:30:00,1.31161737442,0.0218704454601,0.0204556640238
2017-06-21 13:30:00,1.30617177486,0.0231038182974,0.021664397791
2017-06-21 14:30:00,1.29432594776,0.0247287582606,0.0232801064849
2017-06-21 15:30:00,1.32358109951,0.0247102454305,0.0232463367283
2017-06-21 16:30:00,1.32440423965,0.0264905765653,0.024978088215
2017-06-21 17:30:00,1.32549214363,0.0302212070674,0.02863413468
2017-06-21 18:30:00,1.39245915413,0.0314804129303,0.0298436898738
2017-06-21 19:30:00,1.42104041576,0.0328429564834,0.0312017463148
2017-06-21 20:30:00,1.46759307384,0.0265371054411,0.0250187255442
2017-06-21 21:30:00,1.47520494461,0.022084498778,0.0206970013678
2017-06-21 22:30:00,1.46836090088,0.0205488502979,0.0192364268005
2017-06-21 23:30:00,1.43584179878,0.0192927718163,0.0180563349277
2017-06-22 00:30:00,1.44225597382,0.0193489268422,0.0181054305285
2017-06-22 01:30:00,1.44326293468,0.0223972704262,0.0211039949208
2017-06-22 02:30:00,1.4336155653,0.0233091041446,0.0219940803945
2017-06-22 03:30:00,1.39590895176,0.022676832974,0.0213700309396
2017-06-22 04:30:00,1.34781146049,0.0237991176546,0.0224551223218
2017-06-22 05:30:00,1.34567201138,0.0249526221305,0.0235479418188
2017-06-22 06:30:00,1.3811109066,0.0269801523536,0.0255235619843
2017-06-22 07:30:00,1.42009270191,0.0281239207834,0.0266419053078
2017-06-22 08:30:00,1.45057415962,0.0268861819059,0.0254325158894
2017-06-22 09:30:00,1.45821917057,0.0268378593028,0.0253802426159
2017-06-22 10:30:00,1.44965004921,0.0284088011831,0.0268971119076
2017-06-22 11:30:00,1.42867279053,0.0301158241928,0.0285371392965
2017-06-22 12:30:00,1.39652085304,0.0313753560185,0.0297502614558
2017-06-22 13:30:00,1.38576126099,0.0314260497689,0.0297818314284
2017-06-22 14:30:00,1.37902808189,0.0331223122776,0.0314525999129
2017-06-22 15:30:00,1.37371587753,0.0360940657556,0.034388396889
2017-06-22 16:30:00,1.3594597578,0.0415653288364,0.0397614091635
2017-06-22 17:30:00,1.36923265457,0.0465423800051,0.0446666739881
2017-06-22 18:30:00,1.38584887981,0.0502582117915,0.0483637750149
2017-06-22 19:30:00,1.40373563766,0.052455149591,0.0506232939661
2017-06-22 20:30:00,1.41249036789,0.0519367232919,0.0501747876406
2017-06-22 21:30:00,1.40020823479,0.0493174754083,0.0476380698383
2017-06-22 22:30:00,1.38554418087,0.0450480468571,0.0434402748942
2017-06-22 23:30:00,1.3977445364,0.0383862555027,0.0368680208921
2017-06-23 00:30:00,1.41933393478,0.0336899794638,0.0322000272572
2017-06-23 01:30:00,1.4574406147,0.0302360896021,0.0287559423596
2017-06-23 02:30:00,1.46007943153,0.0313998274505,0.0298766456544
2017-06-23 03:30:00,1.44503688812,0.0331553481519,0.0316116288304
2017-06-23 04:30:00,1.43968272209,0.0341512188315,0.0325712747872
2017-06-23 05:30:00,1.43789124489,0.0366388373077,0.0350143238902
2017-06-23 06:30:00,1.43348956108,0.0392438024282,0.0375809520483
2017-06-23 07:30:00,1.43549847603,0.0401642210782,0.0384751930833
2017-06-23 08:30:00,1.45175564289,0.039101999253,0.0373834557831
2017-06-23 09:30:00,1.44394469261,0.0403453633189,0.0385930724442
2017-06-23 10:30:00,1.43409132957,0.0424124971032,0.0406164564192
2017-06-23 11:30:00,1.42582154274,0.043250951916,0.0414451882243
2017-06-23 12:30:00,1.41116738319,0.0453034564853,0.0434908568859
2017-06-23 13:30:00,1.41690897942,0.046123046428,0.0442985408008
2017-06-23 14:30:00,1.43611359596,0.043486084789,0.0417189523578
2017-06-23 15:30:00,1.44873785973,0.0377576798201,0.0361866690218
2017-06-23 16:30:00,1.4341776371,0.0402725562453,0.0386275947094
2017-06-23 17:30:00,1.41520678997,0.043398540467,0.0416955128312
2017-06-23 18:30:00,1.41531467438,0.046482346952,0.0446878634393
2017-06-23 19:30:00,1.43400001526,0.0484167672694,0.0465839877725
2017-06-23 20:30:00,1.45172405243,0.0487421415746,0.0468772426248
2017-06-23 21:30:00,1.46703004837,0.0481503866613,0.0462513677776
2017-06-23 22:30:00,1.49804127216,0.0442036837339,0.0423596799374
2017-06-23 23:30:00,1.52034986019,0.0411874949932,0.0394053608179
2017-06-24 00:30:00,1.52157199383,0.0390706732869,0.0373201556504
2017-06-24 01:30:00,1.51504409313,0.037291366607,0.035587567836
2017-06-24 02:30:00,1.49548602104,0.0380004383624,0.0363285131752
2017-06-24 03:30:00,1.46089482307,0.0362300164998,0.0345883443952
2017-06-24 04:30:00,1.42895686626,0.0341871827841,0.0326070077717
2017-06-24 05:30:00,1.41663718224,0.0328262969851,0.0312765352428
2017-06-24 06:30:00,1.40740466118,0.0335754491389,0.0320034436882
2017-06-24 07:30:00,1.39781796932,0.035801012069,0.0341610535979
2017-06-24 08:30:00,1.39874255657,0.0373934134841,0.035692833364
2017-06-24 09:30:00,1.40757787228,0.0368966385722,0.0351502671838
2017-06-24 10:30:00,1.4086381197,0.0369500182569,0.03520334512
2017-06-24 11:30:00,1.41450321674,0.0352403074503,0.0335467271507
2017-06-24 12:30:00,1.41473937035,0.0349048115313,0.0332261510193
2017-06-24 13:30:00,1.40714633465,0.0369934029877,0.03524575755
2017-06-24 14:30:00,1.38149225712,0.0416753664613,0.0398053638637
2017-06-24 15:30:00,1.36391055584,0.0428341366351,0.0408867746592
2017-06-24 16:30:00,1.33069860935,0.0417814850807,0.0398341789842
2017-06-24 17:30:00,1.30911564827,0.040851265192,0.0388648435473
2017-06-24 18:30:00,1.19077730179,0.0452397428453,0.0431593433022
2017-06-24 19:30:00,1.28883111477,0.0451064184308,0.0428963825107
2017-06-24 20:30:00,1.32733559608,0.0448786281049,0.0426485575736
2017-06-24 21:30:00,1.35082769394,0.0428033359349,0.0406621210277
2017-06-24 22:30:00,1.38017225266,0.0403441488743,0.038327768445
2017-06-24 23:30:00,1.39848458767,0.0392150953412,0.0372436344624
2017-06-25 00:30:00,1.40625190735,0.0389056131244,0.0369490273297
2017-06-25 01:30:00,1.41368985176,0.0381297878921,0.0361873656511
2017-06-25 02:30:00,1.40287399292,0.0372183546424,0.0353051684797
2017-06-25 03:30:00,1.38066101074,0.0363874174654,0.0345248542726
2017-06-25 04:30:00,1.36235797405,0.0354409962893,0.0336189456284
2017-06-25 05:30:00,1.35572385788,0.0361462794244,0.0343330986798
2017-06-25 06:30:00,1.35197031498,0.0373329259455,0.0355136543512
2017-06-25 07:30:00,1.35307717323,0.0373950116336,0.0356039963663
2017-06-25 08:30:00,1.36579442024,0.0344002582133,0.0326647758484
2017-06-25 09:30:00,1.37685167789,0.0330703184009,0.0313653126359
2017-06-25 10:30:00,1.3755453825,0.0341329053044,0.0324170440435
2017-06-25 11:30:00,1.36617994308,0.0366036072373,0.0348626412451
2017-06-25 12:30:00,1.36101675034,0.0410011298954,0.0392289869487
2017-06-25 13:30:00,1.36186265945,0.0454936474562,0.0436891205609
2017-06-25 14:30:00,1.36328446865,0.0489604845643,0.0471259355545
2017-06-25 15:30:00,1.45791709423,0.0504065975547,0.0484569221735
2017-06-25 16:30:00,1.44525611401,0.0509583875537,0.048952806741
2017-06-25 17:30:00,1.40573608875,0.048937253654,0.0469320863485
2017-06-25 18:30:00,1.3575592041,0.0481604225934,0.0460941120982
2017-06-25 19:30:00,1.31747603416,0.0464153513312,0.0443287193775
2017-06-25 20:30:00,1.29141640663,0.0457373261452,0.0436314940453
2017-06-25 21:30:00,1.28469324112,0.045297563076,0.043207410723
2017-06-25 22:30:00,1.29641652107,0.0448298454285,0.0427672788501
2017-06-25 23:30:00,1.31652140617,0.0442204289138,0.0421714112163
2017-06-26 00:30:00,1.33225727081,0.0450256131589,0.0429891496897
2017-06-26 01:30:00,1.33662796021,0.0472905822098,0.0452338457108
2017-06-26 02:30:00,1.33520722389,0.0497896336019,0.0477121174335
2017-06-26 03:30:00,1.33770442009,0.0527227520943,0.050627104938
2017-06-26 04:30:00,1.34934175014,0.0548123642802,0.0527105592191
2017-06-26 05:30:00,1.36237215996,0.0570515878499,0.0549581125379
2017-06-26 06:30:00,1.36602449417,0.0605486929417,0.0584509149194
2017-06-26 07:30:00,1.36439955235,0.065387159586,0.0633372068405
2017-06-26 08:30:00,1.34178197384,0.0647488310933,0.0627604424953
2017-06-26 09:30:00,1.29788029194,0.064673691988,0.0627134889364
2017-06-26 10:30:00,1.25938463211,0.066006347537,0.0640606507659
2017-06-26 11:30:00,1.25528538227,0.0635119378567,0.0615799203515
2017-06-26 12:30:00,1.26553487778,0.0608196109533,0.0589276775718
2017-06-26 13:30:00,1.26532590389,0.0606315396726,0.0587877184153
2017-06-26 14:30:00,1.24003756046,0.0637232288718,0.0618888288736
2017-06-26 15:30:00,1.18888449669,0.0823075175285,0.0804570987821
2017-06-26 16:30:00,1.14902734756,0.102682121098,0.100834496319
2017-06-26 17:30:00,1.09684157372,0.116580680013,0.11483476311
2017-06-26 18:30:00,1.04881334305,0.11272867769,0.111228406429
2017-06-26 19:30:00,1.0030837059,0.0686034411192,0.0673785656691
2017-06-26 20:30:00,0.987672328949,0.0408993139863,0.0398108810186
2017-06-26 21:30:00,1.10675501823,0.0438629761338,0.0428653508425
2017-06-26 22:30:00,1.16931807995,0.029586546123,0.0286110304296
2017-06-26 23:30:00,1.19381511211,0.0202789660543,0.0193030945957
2017-06-27 00:30:00,1.19876754284,0.0400316566229,0.0390663519502
2017-06-27 01:30:00,1.21479952335,0.0366715714335,0.0357132479548
2017-06-27 02:30:00,1.25751340389,0.0282314736396,0.0272500682622
2017-06-27 03:30:00,1.32478189468,0.0402973890305,0.0392909534276
2017-06-27 04:30:00,1.41688621044,0.0340028554201,0.0329922959208
2017-06-27 05:30:00,1.43607699871,0.0259161107242,0.0249048750848
2017-06-27 06:30:00,1.425984025,0.0230829846114,0.0220775473863
2017-06-27 07:30:00,1.43302345276,0.0216027311981,0.0206022206694
2017-06-27 08:30:00,1.45563411713,0.0205074436963,0.0195117723197
2017-06-27 09:30:00,1.47809493542,0.0188631620258,0.0178694892675
2017-06-27 10:30:00,1.47371160984,0.0179824773222,0.0169837605208
2017-06-27 11:30:00,1.45079994202,0.0179965235293,0.0169984325767
2017-06-27 12:30:00,1.44493615627,0.0174249708652,0.0164040084928
2017-06-27 13:30:00,1.44850122929,0.0166059136391,0.0155672002584
2017-06-27 14:30:00,1.44585430622,0.0168666671962,0.0158004909754
2017-06-27 15:30:00,1.32751309872,0.0237317215651,0.0224848482758
2017-06-27 16:30:00,1.35968351364,0.0319427922368,0.0306660365313
2017-06-27 17:30:00,1.38928031921,0.0450706742704,0.0437808595598
2017-06-27 18:30:00,1.45231831074,0.0573044642806,0.0561521686614
2017-06-27 19:30:00,1.42991411686,0.0698687136173,0.0687272697687
2017-06-27 20:30:00,1.43208289146,0.0713336840272,0.0701330304146
2017-06-27 21:30:00,1.47063744068,0.0633492469788,0.0621086135507
2017-06-27 22:30:00,1.51716935635,0.0532689988613,0.0520032644272
2017-06-27 23:30:00,1.55688345432,0.0440992489457,0.0428326018155
2017-06-28 00:30:00,1.5697696209,0.0366949364543,0.0354156978428
2017-06-28 01:30:00,1.55561041832,0.0318578891456,0.0305570363998
2017-06-28 02:30:00,1.52819061279,0.0284081622958,0.0270827356726
2017-06-28 03:30:00,1.49228906631,0.0262871216983,0.0249359123409
2017-06-28 04:30:00,1.4572840929,0.0261381845921,0.0247514154762
2017-06-28 05:30:00,1.4331060648,0.0277443900704,0.0263233240694
2017-06-28 06:30:00,1.41178905964,0.0299209151417,0.028466200456
2017-06-28 07:30:00,1.39571380615,0.0314358398318,0.0299444720149
2017-06-28 08:30:00,1.38832139969,0.0312610417604,0.0297602452338
2017-06-28 09:30:00,1.38731539249,0.0295683834702,0.0280712600797
2017-06-28 10:30:00,1.38866603374,0.0274044144899,0.0259172227234
2017-06-28 11:30:00,1.39088082314,0.0254963301122,0.0240325331688
2017-06-28 12:30:00,1.39514446259,0.0242304801941,0.0227810684592
2017-06-28 13:30:00,1.40426754951,0.0237309075892,0.0223067179322
2017-06-28 14:30:00,1.41930413246,0.0237412676215,0.0223549082875
2017-06-28 15:30:00,1.4373152256,0.0237700790167,0.0223827064037
2017-06-28 16:30:00,1.46483850479,0.0260675381869,0.0246871430427
2017-06-28 17:30:00,1.48400139809,0.0286421719939,0.0272538550198
2017-06-28 18:30:00,1.49249827862,0.0254207104445,0.0241468977183
2017-06-28 19:30:00,1.49786818027,0.0270428750664,0.0257378816605
2017-06-28 20:30:00,1.5041680336,0.0281722657382,0.0268742088228
2017-06-28 21:30:00,1.50574040413,0.0281983483583,0.0269075892866
2017-06-28 22:30:00,1.51118886471,0.0261962395161,0.0249131452292
2017-06-28 23:30:00,1.5265288353,0.0228058435023,0.0215542316437
2017-06-29 00:30:00,1.53601706028,0.0197313204408,0.0185070633888
2017-06-29 01:30:00,1.53719377518,0.0172355622053,0.0160194505006
2017-06-29 02:30:00,1.52990853786,0.0152896186337,0.0140725038946
2017-06-29 03:30:00,1.51714837551,0.0139864888042,0.0127658843994
2017-06-29 04:30:00,1.50520479679,0.0131596503779,0.0119320657104
2017-06-29 05:30:00,1.49476969242,0.0125348391011,0.0113008664921
2017-06-29 06:30:00,1.48634016514,0.0119680417702,0.0107359886169
2017-06-29 07:30:00,1.48207473755,0.0115501461551,0.0103245330974
2017-06-29 08:30:00,1.4825232029,0.0110931694508,0.00988835003227
2017-06-29 09:30:00,1.4900290966,0.0105275306851,0.00936529412866
2017-06-29 10:30:00,1.49840426445,0.0101297618821,0.0089950747788
2017-06-29 11:30:00,1.50179731846,0.00980470050126,0.00868398882449
2017-06-29 12:30:00,1.50154089928,0.009531699121,0.00842795241624
2017-06-29 13:30:00,1.49268519878,0.00985371600837,0.00875484291464
2017-06-29 14:30:00,1.46216511726,0.0109491851181,0.00984093360603
2017-06-29 15:30:00,1.28300893307,0.0181286297739,0.0166033357382
2017-06-29 16:30:00,1.29430806637,0.0189014207572,0.0174156054854
2017-06-29 17:30:00,1.31655657291,0.0183923989534,0.0169622115791
2017-06-29 18:30:00,1.25773489475,0.0232612863183,0.021524772048
2017-06-29 19:30:00,1.28757917881,0.0206321142614,0.0189784057438
2017-06-29 20:30:00,1.29897594452,0.0186978485435,0.0171222612262
2017-06-29 21:30:00,1.31093811989,0.0168889947236,0.0153688332066
2017-06-29 22:30:00,1.31554269791,0.0158180184662,0.0143487593159
2017-06-29 23:30:00,1.32628130913,0.0152394808829,0.0137900784612
