time,ozone,ps,pwv
2017-04-30 00:00:00,260.352050781,78636.9140625,2.8225467205
2017-04-30 01:00:00,261.006652832,78649.0859375,2.66840982437
2017-04-30 02:00:00,261.566253662,78661.7265625,2.6091966629
2017-04-30 03:00:00,262.164581299,78667.5234375,2.57953715324
2017-04-30 04:00:00,263.143188477,78669.828125,2.51703667641
2017-04-30 05:00:00,264.033966064,78661.9296875,2.42353320122
2017-04-30 06:00:00,264.78326416,78644.84375,2.31749463081
2017-04-30 07:00:00,265.426025391,78617.15625,2.21690416336
2017-04-30 08:00:00,266.163208008,78591.515625,2.11148262024
2017-04-30 09:00:00,267.03692627,78573.4296875,1.99669134617
2017-04-30 10:00:00,267.678222656,78571.3125,1.94591224194
2017-04-30 11:00:00,268.366424561,78588.4140625,1.91889500618
2017-04-30 12:00:00,268.510437012,78619.21875,1.93519234657
2017-04-30 13:00:00,269.163635254,78654.6328125,1.99836552143
2017-04-30 14:00:00,269.457977295,78678.84375,2.11061286926
2017-04-30 15:00:00,269.481567383,78691.2109375,2.29514861107
2017-04-30 16:00:00,268.943450928,78689.6953125,2.57903313637
2017-04-30 17:00:00,268.137542725,78669.90625,2.97914648056
2017-04-30 18:00:00,267.279754639,78631.5546875,3.44405770302
2017-04-30 19:00:00,266.726623535,78614.75,3.87993216515
2017-04-30 20:00:00,266.689331055,78622.234375,4.2343249321
2017-04-30 21:00:00,267.144195557,78645.921875,4.46141958237
2017-04-30 22:00:00,267.834838867,78661.7734375,4.53615045547
2017-04-30 23:00:00,268.619262695,78679.328125,4.43718576431
2017-05-01 00:00:00,268.920898438,78702.03125,4.23825407028
2017-05-01 01:00:00,269.467681885,78725.2734375,4.07654905319
2017-05-01 02:00:00,269.594390869,78735.8125,3.94931030273
2017-05-01 03:00:00,269.142150879,78724.328125,3.78694009781
2017-05-01 04:00:00,268.325714111,78712.421875,3.51225852966
2017-05-01 05:00:00,267.085357666,78700.1484375,3.27567791939
2017-05-01 06:00:00,265.66394043,78685.1640625,3.06452798843
2017-05-01 07:00:00,264.407958984,78659.671875,2.89833188057
2017-05-01 08:00:00,262.982116699,78640.515625,2.7907075882
2017-05-01 09:00:00,261.286651611,78632.71875,2.70442271233
2017-05-01 10:00:00,260.12411499,78642.40625,2.78779268265
2017-05-01 11:00:00,259.172424316,78674.3203125,3.00581121445
2017-05-01 12:00:00,258.215057373,78718.0859375,3.24774074554
2017-05-01 13:00:00,258.064666748,78757.5390625,3.39376449585
2017-05-01 14:00:00,258.142425537,78775.9140625,3.54500389099
2017-05-01 15:00:00,258.126861572,78780.1484375,3.78053498268
2017-05-01 16:00:00,257.601745605,78766.234375,3.90419507027
2017-05-01 17:00:00,256.926025391,78738.4921875,4.15799999237
2017-05-01 18:00:00,256.564239502,78715.0,4.60802221298
2017-05-01 19:00:00,256.290344238,78703.140625,4.88616609573
2017-05-01 20:00:00,256.036560059,78692.8359375,4.93173360825
2017-05-01 21:00:00,255.944580078,78693.609375,4.98692750931
2017-05-01 22:00:00,255.836273193,78706.4921875,4.98160934448
2017-05-01 23:00:00,256.398406982,78717.5703125,4.72824335098
2017-05-02 00:00:00,256.381622314,78725.8359375,4.43993330002
2017-05-02 01:00:00,256.602722168,78732.2890625,4.23458003998
2017-05-02 02:00:00,256.98828125,78731.6484375,3.98904728889
2017-05-02 03:00:00,257.580505371,78728.5546875,3.78561353683
2017-05-02 04:00:00,259.00869751,78714.7265625,3.64702868462
2017-05-02 05:00:00,259.890899658,78702.5625,3.58250808716
2017-05-02 06:00:00,260.698394775,78686.2265625,3.56969070435
2017-05-02 07:00:00,261.456268311,78662.2578125,3.63002443314
2017-05-02 08:00:00,262.181213379,78629.8046875,3.73842048645
2017-05-02 09:00:00,262.993591309,78620.859375,3.89234900475
2017-05-02 10:00:00,263.211608887,78626.8046875,3.9797565937
2017-05-02 11:00:00,263.320892334,78658.578125,4.00372314453
2017-05-02 12:00:00,263.258789062,78715.9609375,4.04906702042
2017-05-02 13:00:00,264.223510742,78779.515625,4.09402656555
2017-05-02 14:00:00,265.719421387,78811.3515625,4.11183357239
2017-05-02 15:00:00,268.676391602,78807.671875,4.14873075485
2017-05-02 16:00:00,271.201660156,78791.671875,4.21258449554
2017-05-02 17:00:00,272.881347656,78757.8828125,4.29863166809
2017-05-02 18:00:00,273.01965332,78707.71875,4.37755775452
2017-05-02 19:00:00,272.997436523,78671.3984375,4.37297773361
2017-05-02 20:00:00,274.779144287,78653.609375,4.3097782135
2017-05-02 21:00:00,276.493255615,78664.09375,4.28437614441
2017-05-02 22:00:00,273.892181396,78698.3046875,4.28209733963
2017-05-02 23:00:00,274.088256836,78707.578125,4.0093960762
2017-05-03 00:00:00,273.878631592,78719.65625,3.63413739204
2017-05-03 01:00:00,273.401245117,78722.46875,3.34968090057
2017-05-03 02:00:00,274.155303955,78732.609375,3.21266484261
2017-05-03 03:00:00,275.183441162,78714.8046875,3.07463049889
2017-05-03 04:00:00,276.471862793,78683.8984375,2.86550211906
2017-05-03 05:00:00,276.95010376,78650.15625,2.68086624146
2017-05-03 06:00:00,277.053741455,78616.6796875,2.6827454567
2017-05-03 07:00:00,276.768280029,78586.3671875,2.85451507568
2017-05-03 08:00:00,276.113800049,78568.0,3.0379679203
2017-05-03 09:00:00,275.983398438,78553.578125,3.12567543983
2017-05-03 10:00:00,275.97869873,78556.265625,3.16728305817
2017-05-03 11:00:00,276.052703857,78581.2890625,3.1010863781
2017-05-03 12:00:00,276.27142334,78619.03125,2.95262336731
2017-05-03 13:00:00,277.895050049,78654.484375,2.83722472191
2017-05-03 14:00:00,279.655944824,78672.2734375,2.76569247246
2017-05-03 15:00:00,280.831665039,78657.25,2.69514298439
2017-05-03 16:00:00,282.214904785,78640.4140625,2.73996734619
2017-05-03 17:00:00,283.262390137,78612.0546875,2.96071004868
2017-05-03 18:00:00,282.920074463,78573.234375,3.26068854332
2017-05-03 19:00:00,282.345825195,78538.78125,3.52072525024
2017-05-03 20:00:00,282.182006836,78505.40625,3.63534784317
2017-05-03 21:00:00,282.393218994,78484.7421875,3.68268632889
2017-05-03 22:00:00,282.82019043,78480.96875,3.72319459915
2017-05-03 23:00:00,284.214416504,78498.90625,3.64559936523
2017-05-04 00:00:00,285.096282959,78524.703125,3.51219725609
2017-05-04 01:00:00,285.435150146,78556.625,3.47331190109
2017-05-04 02:00:00,285.40512085,78588.21875,3.46287989616
2017-05-04 03:00:00,284.793243408,78594.3359375,3.30417895317
2017-05-04 04:00:00,282.888519287,78580.203125,3.04703164101
2017-05-04 05:00:00,281.441070557,78554.796875,2.78221869469
2017-05-04 06:00:00,282.141296387,78526.515625,2.61425161362
2017-05-04 07:00:00,282.905975342,78492.203125,2.57426905632
2017-05-04 08:00:00,283.512908936,78457.90625,2.57512664795
2017-05-04 09:00:00,284.126281738,78445.015625,2.64117431641
2017-05-04 10:00:00,282.99420166,78454.96875,2.66634130478
2017-05-04 11:00:00,281.150238037,78484.828125,2.69655394554
2017-05-04 12:00:00,279.364349365,78507.8046875,2.74938750267
2017-05-04 13:00:00,278.454193115,78530.0546875,2.89900755882
2017-05-04 14:00:00,277.012695312,78559.390625,3.162109375
2017-05-04 15:00:00,274.991394043,78582.8125,3.48698830605
2017-05-04 16:00:00,272.603210449,78576.21875,3.71161556244
2017-05-04 17:00:00,270.792572021,78556.1953125,3.91729426384
2017-05-04 18:00:00,269.308044434,78531.71875,4.1527967453
2017-05-04 19:00:00,268.298583984,78522.6015625,4.41859197617
2017-05-04 20:00:00,267.393249512,78522.40625,4.58471632004
2017-05-04 21:00:00,267.453033447,78519.7421875,4.5222864151
2017-05-04 22:00:00,268.642181396,78513.4375,4.43249607086
2017-05-04 23:00:00,270.162597656,78520.484375,4.20027589798
2017-05-05 00:00:00,270.798034668,78537.140625,3.90377736092
2017-05-05 01:00:00,271.131835938,78558.1796875,3.65239906311
2017-05-05 02:00:00,270.669769287,78563.046875,3.44935631752
2017-05-05 03:00:00,269.969970703,78550.4296875,3.29793143272
2017-05-05 04:00:00,269.318389893,78534.03125,3.09583067894
2017-05-05 05:00:00,268.523345947,78515.3046875,2.90637087822
2017-05-05 06:00:00,267.555541992,78482.546875,2.73164391518
2017-05-05 07:00:00,266.450012207,78426.3046875,2.56973528862
2017-05-05 08:00:00,265.175048828,78371.1328125,2.42059397697
2017-05-05 09:00:00,264.012237549,78341.140625,2.28005743027
2017-05-05 10:00:00,262.924224854,78336.7421875,2.27427339554
2017-05-05 11:00:00,262.441467285,78358.9453125,2.26935124397
2017-05-05 12:00:00,261.847076416,78392.6953125,2.25535464287
2017-05-05 13:00:00,262.114898682,78418.7734375,2.25797486305
2017-05-05 14:00:00,262.698852539,78426.8671875,2.30450367928
2017-05-05 15:00:00,263.036193848,78409.515625,2.45053577423
2017-05-05 16:00:00,262.745544434,78368.6953125,2.61519098282
2017-05-05 17:00:00,261.887878418,78320.8359375,2.92831993103
2017-05-05 18:00:00,260.925567627,78309.0546875,3.46317410469
2017-05-05 19:00:00,260.597686768,78342.0078125,4.00871372223
2017-05-05 20:00:00,260.197845459,78348.625,4.03871154785
2017-05-05 21:00:00,259.976654053,78309.0859375,3.6888988018
2017-05-05 22:00:00,260.23425293,78288.453125,3.5168504715
2017-05-05 23:00:00,260.898834229,78286.5234375,3.46397328377
2017-05-06 00:00:00,260.364044189,78283.90625,3.37488746643
2017-05-06 01:00:00,259.828765869,78285.859375,3.24255990982
2017-05-06 02:00:00,259.442687988,78289.1640625,3.09462451935
2017-05-06 03:00:00,258.999908447,78286.5234375,2.90370559692
2017-05-06 04:00:00,258.946624756,78259.65625,2.7030878067
2017-05-06 05:00:00,258.610321045,78227.0390625,2.61581659317
2017-05-06 06:00:00,258.296936035,78191.7265625,2.71228408813
2017-05-06 07:00:00,258.178710938,78157.4375,2.89485573769
2017-05-06 08:00:00,258.464233398,78129.484375,3.09313893318
2017-05-06 09:00:00,259.090087891,78117.84375,3.31104588509
2017-05-06 10:00:00,259.437561035,78142.28125,3.66562438011
2017-05-06 11:00:00,259.818725586,78190.796875,4.10017490387
2017-05-06 12:00:00,259.487518311,78254.1875,4.51793193817
2017-05-06 13:00:00,260.027496338,78315.4921875,4.84369850159
2017-05-06 14:00:00,260.668121338,78349.671875,5.09511804581
2017-05-06 15:00:00,261.559997559,78374.2734375,5.38557910919
2017-05-06 16:00:00,261.228302002,78370.171875,5.637114048
2017-05-06 17:00:00,260.853637695,78354.9375,5.97666597366
2017-05-06 18:00:00,260.618255615,78350.734375,6.36518096924
2017-05-06 19:00:00,260.542114258,78352.234375,6.67567539215
2017-05-06 20:00:00,260.782196045,78368.15625,6.88449048996
2017-05-06 21:00:00,261.636993408,78386.28125,6.95075941086
2017-05-06 22:00:00,263.625946045,78420.0625,6.95852375031
2017-05-06 23:00:00,265.555725098,78470.3828125,6.93504476547
2017-05-07 00:00:00,266.395111084,78508.59375,6.81963777542
2017-05-07 01:00:00,267.231506348,78526.4921875,6.792116642
2017-05-07 02:00:00,268.261383057,78529.578125,6.78421211243
2017-05-07 03:00:00,268.595336914,78520.2109375,6.74712133408
2017-05-07 04:00:00,268.780487061,78504.4453125,6.59875631332
2017-05-07 05:00:00,268.83404541,78482.875,6.45628595352
2017-05-07 06:00:00,268.703216553,78465.4609375,6.51300048828
2017-05-07 07:00:00,268.551696777,78432.9453125,6.6945848465
2017-05-07 08:00:00,268.925598145,78395.0703125,6.95617961884
2017-05-07 09:00:00,269.596496582,78365.5625,7.22369337082
2017-05-07 10:00:00,270.094207764,78369.5625,7.51461458206
2017-05-07 11:00:00,271.013946533,78402.625,7.67669534683
2017-05-07 12:00:00,270.998535156,78446.359375,7.74902772903
2017-05-07 13:00:00,271.735656738,78491.5,7.75699520111
2017-05-07 14:00:00,272.295501709,78524.125,7.73179244995
2017-05-07 15:00:00,272.700378418,78545.0703125,7.7319483757
2017-05-07 16:00:00,272.607269287,78552.15625,7.84735631943
2017-05-07 17:00:00,272.523010254,78543.75,7.98227643967
2017-05-07 18:00:00,273.018188477,78525.4296875,8.16211509705
2017-05-07 19:00:00,273.189697266,78504.09375,8.34192657471
2017-05-07 20:00:00,272.731903076,78493.71875,8.44750595093
2017-05-07 21:00:00,272.62020874,78502.4140625,8.41643810272
2017-05-07 22:00:00,272.312347412,78512.0859375,8.15101337433
2017-05-07 23:00:00,271.425872803,78512.7734375,7.65117549896
2017-05-08 00:00:00,269.96005249,78527.4921875,7.08615589142
2017-05-08 01:00:00,269.522399902,78543.171875,6.5147819519
2017-05-08 02:00:00,269.731109619,78564.671875,6.15067052841
2017-05-08 03:00:00,269.774932861,78579.203125,6.06075382233
2017-05-08 04:00:00,268.916992188,78579.6796875,5.98552703857
2017-05-08 05:00:00,267.239807129,78572.0,5.80904817581
2017-05-08 06:00:00,265.627593994,78546.359375,5.57827663422
2017-05-08 07:00:00,265.15423584,78502.3984375,5.3998260498
2017-05-08 08:00:00,265.423614502,78450.953125,5.27794408798
2017-05-08 09:00:00,266.202972412,78415.2109375,5.17233514786
2017-05-08 10:00:00,267.363555908,78393.9140625,5.10724258423
2017-05-08 11:00:00,269.13458252,78387.2265625,4.97368860245
2017-05-08 12:00:00,270.708099365,78399.3203125,4.75234651566
2017-05-08 13:00:00,272.454071045,78414.6953125,4.58417701721
2017-05-08 14:00:00,273.799591064,78422.0390625,4.52923536301
2017-05-08 15:00:00,274.724060059,78440.6796875,4.75692939758
2017-05-08 16:00:00,275.013275146,78438.140625,5.26619386673
2017-05-08 17:00:00,274.946716309,78394.578125,5.78928804398
2017-05-08 18:00:00,274.040893555,78351.15625,5.98065423965
2017-05-08 19:00:00,272.848968506,78322.4140625,5.84448575974
2017-05-08 20:00:00,272.097106934,78302.0234375,5.91616487503
2017-05-08 21:00:00,269.520507812,78290.1171875,5.89921712875
2017-05-08 22:00:00,267.542877197,78292.421875,5.82014799118
2017-05-08 23:00:00,266.924255371,78298.5546875,5.53741931915
2017-05-09 00:00:00,265.468200684,78300.8203125,5.13005161285
2017-05-09 01:00:00,264.623535156,78306.6171875,4.76327705383
2017-05-09 02:00:00,263.808990479,78321.359375,4.72662162781
2017-05-09 03:00:00,262.38571167,78339.9921875,4.8428068161
2017-05-09 04:00:00,260.903961182,78342.1796875,4.91413450241
2017-05-09 05:00:00,259.533203125,78319.3203125,4.90883731842
2017-05-09 06:00:00,258.527191162,78278.078125,4.82614994049
2017-05-09 07:00:00,257.76965332,78218.4453125,4.74209880829
2017-05-09 08:00:00,257.397338867,78162.71875,4.72246646881
2017-05-09 09:00:00,257.439666748,78135.5078125,4.80093383789
2017-05-09 10:00:00,257.184844971,78141.015625,4.95175409317
2017-05-09 11:00:00,257.307769775,78168.78125,5.06551408768
2017-05-09 12:00:00,257.722808838,78216.859375,5.13933897018
2017-05-09 13:00:00,258.279724121,78271.7734375,5.20345640182
2017-05-09 14:00:00,257.782196045,78296.1953125,5.17361736298
2017-05-09 15:00:00,257.27154541,78306.0234375,5.22035360336
2017-05-09 16:00:00,256.806915283,78288.7265625,5.40003252029
2017-05-09 17:00:00,256.595458984,78262.671875,5.78655862808
2017-05-09 18:00:00,256.664733887,78234.515625,6.29989385605
2017-05-09 19:00:00,257.294586182,78217.046875,6.75451898575
2017-05-09 20:00:00,257.929504395,78194.2265625,6.80487775803
2017-05-09 21:00:00,258.080413818,78174.1640625,6.56012630463
2017-05-09 22:00:00,258.399871826,78192.9296875,6.31975078583
2017-05-09 23:00:00,259.100524902,78212.1171875,5.81763362885
2017-05-10 00:00:00,258.384399414,78216.6015625,5.18047809601
2017-05-10 01:00:00,257.27041626,78236.296875,4.8381023407
2017-05-10 02:00:00,256.32409668,78245.8203125,4.75145864487
2017-05-10 03:00:00,255.788299561,78236.3671875,4.67101764679
2017-05-10 04:00:00,255.304199219,78233.1328125,4.71785926819
2017-05-10 05:00:00,254.498077393,78227.3203125,4.90980434418
2017-05-10 06:00:00,253.843658447,78198.65625,5.13477754593
2017-05-10 07:00:00,253.397125244,78166.75,5.48634052277
2017-05-10 08:00:00,252.616546631,78123.578125,5.68523931503
2017-05-10 09:00:00,251.558532715,78099.890625,5.76979351044
2017-05-10 10:00:00,250.925628662,78112.984375,5.90446567535
2017-05-10 11:00:00,251.111999512,78150.84375,6.11698150635
2017-05-10 12:00:00,251.62588501,78195.6875,6.28680419922
2017-05-10 13:00:00,253.139892578,78222.453125,6.49001741409
2017-05-10 14:00:00,253.836700439,78257.015625,6.95696926117
2017-05-10 15:00:00,253.609436035,78309.859375,7.67979478836
2017-05-10 16:00:00,253.846343994,78319.8203125,8.33635520935
2017-05-10 17:00:00,254.506591797,78282.3359375,8.79806232452
2017-05-10 18:00:00,256.145751953,78241.796875,9.24073791504
2017-05-10 19:00:00,257.928741455,78213.2265625,9.61701393127
2017-05-10 20:00:00,258.56942749,78204.5390625,10.0988302231
2017-05-10 21:00:00,261.127166748,78191.953125,10.1470499039
2017-05-10 22:00:00,262.277404785,78207.5234375,10.2224588394
2017-05-10 23:00:00,264.133209229,78253.265625,10.3172264099
2017-05-11 00:00:00,266.688598633,78253.5390625,10.0719451904
2017-05-11 01:00:00,267.176116943,78263.875,9.63107872009
2017-05-11 02:00:00,267.008514404,78254.46875,9.22880172729
2017-05-11 03:00:00,266.237945557,78230.65625,9.10387516022
2017-05-11 04:00:00,265.246948242,78218.203125,9.01378440857
2017-05-11 05:00:00,263.989990234,78202.4296875,9.35351371765
2017-05-11 06:00:00,263.220611572,78170.21875,9.85325527191
2017-05-11 07:00:00,262.982666016,78134.703125,10.2012119293
2017-05-11 08:00:00,263.587432861,78102.578125,10.7831354141
2017-05-11 09:00:00,263.417327881,78094.5078125,11.107717514
2017-05-11 10:00:00,262.969085693,78108.953125,11.080830574
2017-05-11 11:00:00,262.039855957,78149.1875,11.0854139328
2017-05-11 12:00:00,259.893310547,78176.0546875,11.2300024033
2017-05-11 13:00:00,258.788574219,78203.6796875,11.3241510391
2017-05-11 14:00:00,257.888336182,78241.453125,11.3479242325
2017-05-11 15:00:00,257.10925293,78275.734375,11.4579515457
2017-05-11 16:00:00,255.138671875,78283.0,11.665096283
2017-05-11 17:00:00,254.351806641,78293.859375,11.8130750656
2017-05-11 18:00:00,254.447265625,78271.9296875,12.0471668243
2017-05-11 19:00:00,253.599761963,78249.328125,12.340259552
2017-05-11 20:00:00,253.06048584,78237.4375,12.4295291901
2017-05-11 21:00:00,253.298156738,78235.8359375,12.4251432419
2017-05-11 22:00:00,254.287231445,78226.078125,12.378452301
2017-05-11 23:00:00,255.934936523,78233.21875,12.2142705917
2017-05-12 00:00:00,258.832336426,78242.09375,11.8974561691
2017-05-12 01:00:00,261.567504883,78238.71875,11.4361133575
2017-05-12 02:00:00,262.299255371,78220.9140625,11.1234588623
2017-05-12 03:00:00,259.899841309,78205.296875,11.080573082
2017-05-12 04:00:00,258.336517334,78185.609375,11.1861467361
2017-05-12 05:00:00,258.784545898,78165.75,11.2444200516
2017-05-12 06:00:00,258.89944458,78144.515625,11.1849946976
2017-05-12 07:00:00,260.365539551,78108.1640625,11.0744848251
2017-05-12 08:00:00,264.308105469,78057.828125,11.0146446228
2017-05-12 09:00:00,267.379272461,78021.6015625,10.9041061401
2017-05-12 10:00:00,268.119476318,78025.6796875,10.7784881592
2017-05-12 11:00:00,271.033569336,78057.5234375,10.453950882
2017-05-12 12:00:00,273.119537354,78079.921875,10.5865879059
2017-05-12 13:00:00,274.008911133,78069.640625,10.7504243851
2017-05-12 14:00:00,274.583679199,78054.578125,10.7892160416
2017-05-12 15:00:00,274.241546631,78049.7265625,10.9022407532
2017-05-12 16:00:00,274.168792725,78023.96875,10.7342214584
2017-05-12 17:00:00,274.21975708,77994.5625,10.4841156006
2017-05-12 18:00:00,274.520050049,77982.1640625,10.8982610703
2017-05-12 19:00:00,275.034820557,77993.84375,11.6680202484
2017-05-12 20:00:00,275.40826416,78013.90625,12.0394506454
2017-05-12 21:00:00,276.67477417,78038.921875,11.9378499985
2017-05-12 22:00:00,279.97567749,78043.8828125,11.5190391541
2017-05-12 23:00:00,284.188659668,78058.9921875,11.1625795364
2017-05-13 00:00:00,287.094360352,78096.2734375,11.063662529
2017-05-13 01:00:00,287.895477295,78133.0234375,10.9882364273
2017-05-13 02:00:00,284.87399292,78157.3359375,11.0225105286
2017-05-13 03:00:00,281.410949707,78183.6953125,11.182144165
2017-05-13 04:00:00,279.47277832,78230.328125,11.244269371
2017-05-13 05:00:00,275.803466797,78279.953125,11.0798120499
2017-05-13 06:00:00,269.072296143,78317.6796875,10.4977216721
2017-05-13 07:00:00,264.938110352,78322.21875,9.60713768005
2017-05-13 08:00:00,263.562408447,78307.046875,8.82993221283
2017-05-13 09:00:00,263.794464111,78321.1171875,8.16206741333
2017-05-13 10:00:00,262.737335205,78361.578125,7.47274923325
2017-05-13 11:00:00,261.538848877,78447.5859375,7.13505792618
2017-05-13 12:00:00,260.840759277,78513.265625,6.70566940308
2017-05-13 13:00:00,261.210571289,78534.9765625,6.14737796783
2017-05-13 14:00:00,261.663909912,78542.8046875,5.68670272827
2017-05-13 15:00:00,262.105743408,78593.796875,5.74754333496
2017-05-13 16:00:00,261.364685059,78628.515625,6.18931055069
2017-05-13 17:00:00,260.071533203,78630.5703125,6.9338312149
2017-05-13 18:00:00,258.891113281,78633.7734375,7.63928127289
2017-05-13 19:00:00,257.877685547,78620.3203125,7.8856678009
2017-05-13 20:00:00,256.847106934,78612.03125,7.79406881332
2017-05-13 21:00:00,255.771148682,78612.71875,7.63018035889
2017-05-13 22:00:00,254.970794678,78588.828125,7.32168674469
2017-05-13 23:00:00,254.735748291,78576.953125,6.80592727661
2017-05-14 00:00:00,254.25579834,78578.453125,6.45036411285
2017-05-14 01:00:00,254.121032715,78586.4375,6.51093292236
2017-05-14 02:00:00,253.864379883,78596.1484375,6.72990751266
2017-05-14 03:00:00,253.944854736,78576.3828125,7.01727390289
2017-05-14 04:00:00,254.148834229,78564.4921875,7.54626274109
2017-05-14 05:00:00,254.160797119,78549.765625,7.88953971863
2017-05-14 06:00:00,254.122131348,78533.4296875,7.94935274124
2017-05-14 07:00:00,253.386535645,78534.3515625,8.02464485168
2017-05-14 08:00:00,252.755493164,78541.609375,8.15878868103
2017-05-14 09:00:00,252.648468018,78528.7578125,8.29517269135
2017-05-14 10:00:00,253.02633667,78511.6484375,8.18568992615
2017-05-14 11:00:00,253.058258057,78501.171875,7.95316267014
2017-05-14 12:00:00,252.461517334,78543.8828125,7.85364055634
2017-05-14 13:00:00,252.669586182,78585.8671875,7.7716960907
2017-05-14 14:00:00,252.606536865,78621.65625,7.83621883392
2017-05-14 15:00:00,253.083404541,78657.046875,8.10773658752
2017-05-14 16:00:00,253.810943604,78673.2421875,8.52122306824
2017-05-14 17:00:00,254.854675293,78662.5546875,8.70819282532
2017-05-14 18:00:00,255.972320557,78649.9140625,8.67261123657
2017-05-14 19:00:00,257.356140137,78666.6328125,8.44183063507
2017-05-14 20:00:00,259.329559326,78680.625,7.85943222046
2017-05-14 21:00:00,260.91696167,78683.21875,7.20267868042
2017-05-14 22:00:00,261.121856689,78670.171875,6.73312807083
2017-05-14 23:00:00,262.687591553,78670.4765625,6.25224733353
2017-05-15 00:00:00,263.044311523,78702.6875,5.76185703278
2017-05-15 01:00:00,263.093017578,78717.796875,5.20321655273
2017-05-15 02:00:00,263.91027832,78712.1953125,4.60908079147
2017-05-15 03:00:00,265.698120117,78686.9375,4.0299077034
2017-05-15 04:00:00,266.327514648,78670.4296875,3.53119444847
2017-05-15 05:00:00,263.902832031,78649.0,3.08835959435
2017-05-15 06:00:00,261.037414551,78628.484375,2.74487781525
2017-05-15 07:00:00,259.240478516,78599.4375,2.52751708031
2017-05-15 08:00:00,257.285736084,78549.71875,2.26887083054
2017-05-15 09:00:00,255.79486084,78537.0078125,2.08761000633
2017-05-15 10:00:00,254.123413086,78542.75,1.96811807156
2017-05-15 11:00:00,253.68347168,78552.8203125,1.87107777596
2017-05-15 12:00:00,252.608062744,78593.75,1.88163411617
2017-05-15 13:00:00,252.239349365,78607.203125,1.91228282452
2017-05-15 14:00:00,252.735992432,78641.78125,2.1226568222
2017-05-15 15:00:00,253.852661133,78651.5390625,2.47755122185
2017-05-15 16:00:00,253.769561768,78648.828125,3.12305426598
2017-05-15 17:00:00,253.021362305,78636.3828125,4.29385614395
2017-05-15 18:00:00,252.157897949,78598.0078125,5.65118598938
2017-05-15 19:00:00,251.197265625,78576.9140625,6.54784345627
2017-05-15 20:00:00,250.880187988,78556.1171875,6.80161762238
2017-05-15 21:00:00,251.119781494,78532.359375,6.37209177017
2017-05-15 22:00:00,252.420074463,78503.2421875,5.76680278778
2017-05-15 23:00:00,254.558898926,78488.8515625,5.65582084656
2017-05-16 00:00:00,256.024932861,78488.375,5.84091854095
2017-05-16 01:00:00,257.784515381,78496.578125,6.03176736832
2017-05-16 02:00:00,259.817810059,78517.078125,6.17760944366
2017-05-16 03:00:00,261.212097168,78525.5,6.10468816757
2017-05-16 04:00:00,261.071807861,78519.875,5.95623016357
2017-05-16 05:00:00,260.154602051,78508.171875,6.02482271194
2017-05-16 06:00:00,258.719726562,78498.765625,6.26289415359
2017-05-16 07:00:00,257.880889893,78476.78125,6.27136707306
2017-05-16 08:00:00,257.704589844,78448.2421875,6.08151102066
2017-05-16 09:00:00,258.772094727,78421.390625,5.81861448288
2017-05-16 10:00:00,260.270935059,78422.6953125,5.78641033173
2017-05-16 11:00:00,261.6300354,78457.4921875,5.81965112686
2017-05-16 12:00:00,261.765075684,78508.4140625,5.88268947601
2017-05-16 13:00:00,262.066223145,78549.6640625,5.9053401947
2017-05-16 14:00:00,261.990997314,78577.953125,5.99054813385
2017-05-16 15:00:00,262.036071777,78574.75,6.07701158524
2017-05-16 16:00:00,261.754425049,78549.4375,6.25710105896
2017-05-16 17:00:00,261.98236084,78515.78125,6.6725692749
2017-05-16 18:00:00,262.303436279,78485.515625,7.20368242264
2017-05-16 19:00:00,262.259216309,78465.4609375,7.54594945908
2017-05-16 20:00:00,261.535308838,78450.7265625,7.67949724197
2017-05-16 21:00:00,260.334320068,78435.953125,7.63139152527
2017-05-16 22:00:00,259.763824463,78414.96875,7.30955982208
2017-05-16 23:00:00,260.182006836,78397.640625,6.75175857544
2017-05-17 00:00:00,259.838134766,78381.0,6.12296533585
2017-05-17 01:00:00,259.437805176,78373.2734375,5.69931364059
2017-05-17 02:00:00,259.624694824,78372.7578125,5.54211091995
2017-05-17 03:00:00,260.702941895,78374.796875,5.53917455673
2017-05-17 04:00:00,262.411346436,78370.421875,5.59706449509
2017-05-17 05:00:00,263.69543457,78349.9140625,5.69049739838
2017-05-17 06:00:00,264.224365234,78328.984375,5.82929563522
2017-05-17 07:00:00,264.381500244,78296.0625,5.89186096191
2017-05-17 08:00:00,265.079681396,78260.796875,5.96520709991
2017-05-17 09:00:00,266.794036865,78234.0390625,6.19164943695
2017-05-17 10:00:00,268.279083252,78254.7265625,6.71401357651
2017-05-17 11:00:00,269.192230225,78282.5078125,6.73132705688
2017-05-17 12:00:00,270.31817627,78287.796875,6.34044837952
2017-05-17 13:00:00,271.620452881,78328.6796875,6.40863132477
2017-05-17 14:00:00,272.57723999,78386.03125,6.85655403137
2017-05-17 15:00:00,273.74911499,78371.25,6.79216480255
2017-05-17 16:00:00,274.968109131,78335.9765625,6.58602619171
2017-05-17 17:00:00,275.879058838,78289.8125,6.65567684174
2017-05-17 18:00:00,275.770080566,78246.875,7.04733562469
2017-05-17 19:00:00,275.384552002,78227.9453125,7.42454957962
2017-05-17 20:00:00,275.257720947,78221.4609375,7.56719923019
2017-05-17 21:00:00,275.827941895,78232.2265625,7.60066413879
2017-05-17 22:00:00,277.123474121,78236.25,7.45928192139
2017-05-17 23:00:00,279.516693115,78233.296875,7.02271413803
2017-05-18 00:00:00,280.328674316,78238.515625,6.62871456146
2017-05-18 01:00:00,280.732696533,78246.6171875,6.28450965881
2017-05-18 02:00:00,281.373809814,78228.28125,6.0356760025
2017-05-18 03:00:00,281.768768311,78190.6875,5.90291547775
2017-05-18 04:00:00,282.457214355,78159.1015625,5.89932155609
2017-05-18 05:00:00,283.263916016,78136.484375,6.31845855713
2017-05-18 06:00:00,284.138793945,78136.2578125,7.24298620224
2017-05-18 07:00:00,285.46182251,78116.875,8.13460731506
2017-05-18 08:00:00,286.068847656,78088.6171875,8.72414493561
2017-05-18 09:00:00,286.315917969,78063.984375,8.92018032074
2017-05-18 10:00:00,287.704711914,78077.5234375,8.77876281738
2017-05-18 11:00:00,289.057739258,78104.9453125,8.55546188354
2017-05-18 12:00:00,289.691802979,78154.9140625,8.49226284027
2017-05-18 13:00:00,291.678131104,78193.7734375,8.25816059113
2017-05-18 14:00:00,294.362304688,78221.1796875,7.97702550888
2017-05-18 15:00:00,297.567657471,78240.34375,7.90284013748
2017-05-18 16:00:00,300.662780762,78211.1328125,7.82832670212
2017-05-18 17:00:00,303.56137085,78194.125,7.87255716324
2017-05-18 18:00:00,304.637207031,78193.6015625,7.97777032852
2017-05-18 19:00:00,302.394165039,78198.515625,7.92712545395
2017-05-18 20:00:00,298.145782471,78242.4296875,7.63076925278
2017-05-18 21:00:00,294.3515625,78307.015625,7.21074056625
2017-05-18 22:00:00,291.532043457,78374.7578125,6.75159597397
2017-05-18 23:00:00,289.901916504,78413.890625,6.18703651428
2017-05-19 00:00:00,287.921142578,78452.1484375,5.64446163177
2017-05-19 01:00:00,286.17376709,78445.140625,5.18572235107
2017-05-19 02:00:00,284.85244751,78414.9609375,4.76952123642
2017-05-19 03:00:00,284.494781494,78380.3359375,4.46303462982
2017-05-19 04:00:00,284.675506592,78348.5546875,4.21125602722
2017-05-19 05:00:00,284.579772949,78322.3984375,3.93378257751
2017-05-19 06:00:00,284.268859863,78279.7578125,3.61984658241
2017-05-19 07:00:00,284.628723145,78228.2265625,3.40140962601
2017-05-19 08:00:00,284.748291016,78178.1484375,3.24247813225
2017-05-19 09:00:00,284.667633057,78151.2109375,3.12864947319
2017-05-19 10:00:00,284.464385986,78145.6484375,3.0563685894
2017-05-19 11:00:00,284.050476074,78168.296875,2.97367453575
2017-05-19 12:00:00,283.510925293,78194.796875,2.85536527634
2017-05-19 13:00:00,283.881744385,78215.7734375,2.75358080864
2017-05-19 14:00:00,284.521240234,78234.0078125,2.71402812004
2017-05-19 15:00:00,285.136688232,78237.8984375,2.68350195885
2017-05-19 16:00:00,286.349243164,78215.4921875,2.74148774147
2017-05-19 17:00:00,287.734008789,78200.9375,2.92612028122
2017-05-19 18:00:00,289.7784729,78187.046875,3.10387730598
2017-05-19 19:00:00,291.199005127,78187.2734375,3.23255062103
2017-05-19 20:00:00,291.726013184,78201.375,3.3555355072
2017-05-19 21:00:00,291.7890625,78224.984375,3.48836231232
2017-05-19 22:00:00,290.890258789,78250.21875,3.58664822578
2017-05-19 23:00:00,290.205963135,78275.453125,3.58088064194
2017-05-20 00:00:00,288.910339355,78293.3359375,3.46788644791
2017-05-20 01:00:00,288.467895508,78306.90625,3.35474896431
2017-05-20 02:00:00,288.531341553,78322.3359375,3.26901125908
2017-05-20 03:00:00,288.71295166,78330.2109375,3.17071223259
2017-05-20 04:00:00,288.899871826,78333.6640625,2.99984073639
2017-05-20 05:00:00,289.224487305,78335.8828125,2.79815673828
2017-05-20 06:00:00,289.584594727,78336.5703125,2.58457756042
2017-05-20 07:00:00,289.102874756,78327.7109375,2.36148905754
2017-05-20 08:00:00,287.644805908,78314.078125,2.16695380211
2017-05-20 09:00:00,286.149353027,78315.8828125,2.03268432617
2017-05-20 10:00:00,285.631530762,78331.765625,1.97814190388
2017-05-20 11:00:00,286.839019775,78373.7890625,1.90983760357
2017-05-20 12:00:00,287.584869385,78418.5859375,1.84971392155
2017-05-20 13:00:00,288.437591553,78455.375,1.83516669273
2017-05-20 14:00:00,289.087036133,78483.8203125,1.88502180576
2017-05-20 15:00:00,289.629852295,78497.9453125,1.94950985909
2017-05-20 16:00:00,289.897796631,78500.1796875,2.05923295021
2017-05-20 17:00:00,289.311065674,78489.8125,2.1940510273
2017-05-20 18:00:00,286.290435791,78465.0625,2.30859971046
2017-05-20 19:00:00,282.108520508,78455.3515625,2.40579938889
2017-05-20 20:00:00,279.212127686,78463.4296875,2.45941829681
2017-05-20 21:00:00,277.345062256,78486.0390625,2.42953705788
2017-05-20 22:00:00,276.348052979,78491.390625,2.27548933029
2017-05-20 23:00:00,276.070526123,78503.890625,2.08647727966
2017-05-21 00:00:00,275.155517578,78535.6875,1.97903239727
2017-05-21 01:00:00,273.943145752,78559.3828125,1.98645734787
2017-05-21 02:00:00,273.038635254,78573.484375,2.11354613304
2017-05-21 03:00:00,272.296508789,78570.6015625,2.34637498856
2017-05-21 04:00:00,272.20135498,78561.75,2.66197276115
2017-05-21 05:00:00,272.256988525,78555.4765625,3.04662394524
2017-05-21 06:00:00,272.140289307,78549.015625,3.36172699928
2017-05-21 07:00:00,271.755554199,78536.7421875,3.57567572594
2017-05-21 08:00:00,271.498077393,78515.640625,3.71178460121
2017-05-21 09:00:00,271.744781494,78497.7890625,3.79936242104
2017-05-21 10:00:00,271.897674561,78498.0546875,3.90010929108
2017-05-21 11:00:00,271.978912354,78514.609375,3.9836833477
2017-05-21 12:00:00,271.406768799,78538.4375,4.00810050964
2017-05-21 13:00:00,271.518615723,78563.8203125,4.04153633118
2017-05-21 14:00:00,271.877807617,78580.8046875,4.13789176941
2017-05-21 15:00:00,272.659912109,78584.328125,4.27100467682
2017-05-21 16:00:00,274.105560303,78560.40625,4.3891043663
2017-05-21 17:00:00,275.23135376,78523.5546875,4.54685544968
2017-05-21 18:00:00,275.58416748,78481.125,4.72162151337
2017-05-21 19:00:00,275.454956055,78450.4765625,4.8367190361
2017-05-21 20:00:00,275.334136963,78428.5390625,4.83493041992
2017-05-21 21:00:00,275.377716064,78417.2421875,4.80054569244
2017-05-21 22:00:00,274.831848145,78407.5234375,4.80951786041
2017-05-21 23:00:00,274.664428711,78413.9921875,4.73686027527
2017-05-22 00:00:00,273.93145752,78426.3125,4.49657821655
2017-05-22 01:00:00,273.449768066,78443.453125,4.12074184418
2017-05-22 02:00:00,273.019622803,78459.8125,3.75190377235
2017-05-22 03:00:00,272.076202393,78462.5859375,3.50599932671
2017-05-22 04:00:00,270.558410645,78452.6484375,3.32961821556
2017-05-22 05:00:00,269.099761963,78444.1875,3.22029018402
2017-05-22 06:00:00,268.459259033,78435.484375,3.21644496918
2017-05-22 07:00:00,267.848297119,78415.421875,3.2581384182
2017-05-22 08:00:00,266.431976318,78385.015625,3.33610987663
2017-05-22 09:00:00,265.115356445,78368.4609375,3.51563048363
2017-05-22 10:00:00,264.556060791,78375.84375,3.7793803215
2017-05-22 11:00:00,264.400665283,78390.7734375,3.99183750153
2017-05-22 12:00:00,263.226867676,78424.109375,4.07784605026
2017-05-22 13:00:00,262.782684326,78448.7421875,4.02473783493
2017-05-22 14:00:00,263.04510498,78479.1015625,4.13522863388
2017-05-22 15:00:00,263.248046875,78487.09375,4.44988822937
2017-05-22 16:00:00,262.051422119,78475.7890625,4.67872428894
2017-05-22 17:00:00,260.971679688,78455.515625,4.87012386322
2017-05-22 18:00:00,260.581512451,78415.3984375,4.9066362381
2017-05-22 19:00:00,261.315673828,78385.625,4.8291258812
2017-05-22 20:00:00,262.440246582,78382.109375,4.64922761917
2017-05-22 21:00:00,262.507263184,78391.15625,4.47532081604
2017-05-22 22:00:00,262.768798828,78382.7734375,4.41202402115
2017-05-22 23:00:00,262.881591797,78401.7421875,4.74284744263
2017-05-23 00:00:00,263.542449951,78417.7421875,5.33824634552
2017-05-23 01:00:00,264.277557373,78419.34375,6.11124849319
2017-05-23 02:00:00,264.784790039,78434.6875,7.2723941803
2017-05-23 03:00:00,265.995391846,78461.1953125,8.41432666779
2017-05-23 04:00:00,267.468200684,78480.0234375,9.34525775909
2017-05-23 05:00:00,268.130889893,78490.3203125,10.0730676651
2017-05-23 06:00:00,268.687072754,78479.9921875,10.5441589355
2017-05-23 07:00:00,269.888031006,78440.421875,10.6437158585
2017-05-23 08:00:00,270.537139893,78411.015625,10.7133731842
2017-05-23 09:00:00,270.991027832,78378.71875,10.6259040833
2017-05-23 10:00:00,271.780670166,78359.2265625,10.4654455185
2017-05-23 11:00:00,272.709289551,78359.5625,10.292593956
2017-05-23 12:00:00,272.696258545,78357.4921875,9.90966129303
2017-05-23 13:00:00,273.179138184,78353.3984375,9.44087696075
2017-05-23 14:00:00,273.79888916,78351.96875,8.93199920654
2017-05-23 15:00:00,274.736175537,78334.2109375,8.60618495941
2017-05-23 16:00:00,274.27142334,78307.71875,8.63175868988
2017-05-23 17:00:00,273.50289917,78275.90625,8.94597244263
2017-05-23 18:00:00,273.634338379,78253.2578125,9.29933834076
2017-05-23 19:00:00,272.622436523,78253.6015625,9.51223182678
2017-05-23 20:00:00,270.023925781,78237.5703125,9.4870891571
2017-05-23 21:00:00,268.444824219,78227.3515625,9.38040542603
2017-05-23 22:00:00,267.466003418,78199.4140625,8.82127094269
2017-05-23 23:00:00,265.784667969,78207.0546875,8.4061384201
2017-05-24 00:00:00,264.153747559,78241.9296875,8.16712284088
2017-05-24 01:00:00,263.946838379,78257.2578125,7.8501534462
2017-05-24 02:00:00,263.672363281,78275.5234375,7.76555585861
2017-05-24 03:00:00,263.734313965,78275.4375,7.81177759171
2017-05-24 04:00:00,264.28729248,78254.328125,7.9596786499
2017-05-24 05:00:00,264.52746582,78221.2265625,8.22684955597
2017-05-24 06:00:00,264.796691895,78192.6328125,8.63261032104
2017-05-24 07:00:00,265.325714111,78164.53125,9.23790454865
2017-05-24 08:00:00,266.368499756,78133.9765625,9.70649719238
2017-05-24 09:00:00,267.863433838,78118.0859375,9.99204063416
2017-05-24 10:00:00,269.173706055,78115.203125,10.3563022614
2017-05-24 11:00:00,269.826171875,78130.296875,10.5959663391
2017-05-24 12:00:00,269.577880859,78147.4375,10.7028474808
2017-05-24 13:00:00,270.033721924,78157.9375,10.7894458771
2017-05-24 14:00:00,271.009643555,78168.390625,10.981051445
2017-05-24 15:00:00,272.158538818,78211.734375,11.2545089722
2017-05-24 16:00:00,272.741882324,78217.421875,11.1842460632
2017-05-24 17:00:00,273.257598877,78175.1796875,10.7783355713
2017-05-24 18:00:00,273.002258301,78135.8125,10.5525789261
2017-05-24 19:00:00,272.226501465,78105.140625,10.3582639694
2017-05-24 20:00:00,271.504333496,78077.078125,9.99924755096
2017-05-24 21:00:00,271.170013428,78060.640625,9.74570083618
2017-05-24 22:00:00,271.921630859,78066.125,9.72649765015
2017-05-24 23:00:00,272.703735352,78078.28125,9.59000110626
2017-05-25 00:00:00,274.178039551,78096.9609375,9.2151927948
2017-05-25 01:00:00,276.26675415,78128.4453125,8.74559211731
2017-05-25 02:00:00,277.875854492,78153.046875,8.28687572479
2017-05-25 03:00:00,278.320648193,78160.15625,8.28868865967
2017-05-25 04:00:00,278.804260254,78216.296875,8.69016075134
2017-05-25 05:00:00,279.366760254,78265.21875,9.00856399536
2017-05-25 06:00:00,280.052856445,78297.984375,9.12600708008
2017-05-25 07:00:00,281.22277832,78311.5078125,9.05808448792
2017-05-25 08:00:00,282.990142822,78311.78125,8.97484493256
2017-05-25 09:00:00,285.239685059,78336.3125,8.7903842926
2017-05-25 10:00:00,285.962646484,78373.8359375,8.33621501923
2017-05-25 11:00:00,286.029388428,78428.3359375,7.73030376434
2017-05-25 12:00:00,284.839782715,78474.5390625,7.22814273834
2017-05-25 13:00:00,283.950744629,78520.0234375,7.11571121216
2017-05-25 14:00:00,282.697845459,78558.21875,7.21386241913
2017-05-25 15:00:00,281.435791016,78563.296875,7.37186813354
2017-05-25 16:00:00,280.485961914,78528.609375,7.44107675552
2017-05-25 17:00:00,280.31149292,78480.390625,7.62643432617
2017-05-25 18:00:00,280.779327393,78437.890625,7.90258359909
2017-05-25 19:00:00,281.39553833,78412.28125,8.11116886139
2017-05-25 20:00:00,281.660217285,78414.984375,8.06320667267
2017-05-25 21:00:00,281.047515869,78423.9296875,7.73190164566
2017-05-25 22:00:00,281.412506104,78428.4765625,7.36036586761
2017-05-25 23:00:00,281.903167725,78436.8671875,6.88103485107
2017-05-26 00:00:00,282.694030762,78445.6015625,6.26249027252
2017-05-26 01:00:00,283.236175537,78457.875,5.83533430099
2017-05-26 02:00:00,283.938232422,78439.21875,5.51440668106
2017-05-26 03:00:00,284.97277832,78412.71875,5.3200006485
2017-05-26 04:00:00,286.113525391,78398.796875,5.40456342697
2017-05-26 05:00:00,287.230133057,78398.828125,5.86459732056
2017-05-26 06:00:00,288.310211182,78395.609375,6.38185977936
2017-05-26 07:00:00,288.928436279,78392.921875,6.86232423782
2017-05-26 08:00:00,289.922607422,78418.78125,7.48973989487
2017-05-26 09:00:00,291.659088135,78459.0546875,7.96529197693
2017-05-26 10:00:00,292.986206055,78510.609375,7.98294353485
2017-05-26 11:00:00,293.427612305,78566.0234375,7.59314823151
2017-05-26 12:00:00,292.435424805,78615.78125,6.96465349197
2017-05-26 13:00:00,291.070922852,78653.78125,6.31438589096
2017-05-26 14:00:00,289.104797363,78687.5234375,5.79624128342
2017-05-26 15:00:00,287.882446289,78682.7421875,5.37049150467
2017-05-26 16:00:00,286.981994629,78655.65625,5.33950948715
2017-05-26 17:00:00,286.416534424,78638.375,5.84157085419
2017-05-26 18:00:00,286.081542969,78610.8984375,6.40840148926
2017-05-26 19:00:00,285.465362549,78576.9375,6.6690325737
2017-05-26 20:00:00,284.380126953,78539.6484375,6.47667837143
2017-05-26 21:00:00,283.511810303,78516.015625,6.16695261002
2017-05-26 22:00:00,284.427856445,78525.2109375,5.95788097382
2017-05-26 23:00:00,285.290283203,78543.703125,5.61180639267
2017-05-27 00:00:00,285.340942383,78553.2265625,5.27754497528
2017-05-27 01:00:00,285.404052734,78568.359375,5.20718574524
2017-05-27 02:00:00,286.050170898,78594.2265625,5.38724994659
2017-05-27 03:00:00,286.589599609,78607.5625,5.63601064682
2017-05-27 04:00:00,286.643707275,78614.0703125,5.51679468155
2017-05-27 05:00:00,286.452331543,78611.84375,5.12103509903
2017-05-27 06:00:00,286.052062988,78608.59375,4.67873573303
2017-05-27 07:00:00,286.789337158,78596.4375,4.30318832397
2017-05-27 08:00:00,286.459381104,78572.8203125,3.9967443943
2017-05-27 09:00:00,286.902191162,78555.4609375,3.77145862579
2017-05-27 10:00:00,289.283508301,78562.734375,3.5996658802
2017-05-27 11:00:00,289.708282471,78586.6328125,3.2987382412
2017-05-27 12:00:00,287.377105713,78613.65625,2.93108344078
2017-05-27 13:00:00,285.37802124,78636.328125,2.66528153419
2017-05-27 14:00:00,283.671020508,78655.28125,2.56201171875
2017-05-27 15:00:00,281.850708008,78668.109375,2.59177494049
2017-05-27 16:00:00,279.430084229,78658.9921875,2.77040076256
2017-05-27 17:00:00,277.267211914,78627.421875,3.09025120735
2017-05-27 18:00:00,274.714691162,78587.578125,3.45649933815
2017-05-27 19:00:00,272.125793457,78563.71875,3.81505656242
2017-05-27 20:00:00,270.146575928,78552.7265625,4.00269460678
2017-05-27 21:00:00,268.041046143,78551.6328125,3.96305990219
2017-05-27 22:00:00,267.142944336,78556.78125,3.70026421547
2017-05-27 23:00:00,266.429595947,78570.1484375,3.25745391846
2017-05-28 00:00:00,267.137115479,78569.609375,2.67922353745
2017-05-28 01:00:00,268.569122314,78566.3125,2.18407702446
2017-05-28 02:00:00,269.083740234,78573.5625,1.96106541157
2017-05-28 03:00:00,269.268249512,78573.28125,1.988093853
2017-05-28 04:00:00,269.085266113,78545.7890625,2.0557243824
2017-05-28 05:00:00,268.995483398,78500.8828125,2.15297675133
2017-05-28 06:00:00,268.803314209,78473.1328125,2.47634077072
2017-05-28 07:00:00,269.183197021,78447.0078125,2.79239177704
2017-05-28 08:00:00,269.51361084,78415.6640625,3.2551715374
2017-05-28 09:00:00,270.076416016,78393.15625,3.93482923508
2017-05-28 10:00:00,269.992797852,78410.703125,4.60550022125
2017-05-28 11:00:00,269.993469238,78464.625,5.3392367363
2017-05-28 12:00:00,269.297302246,78494.3359375,6.05779075623
2017-05-28 13:00:00,269.340942383,78538.796875,6.78152132034
2017-05-28 14:00:00,270.878112793,78565.078125,6.93945455551
2017-05-28 15:00:00,273.155883789,78579.359375,6.2555603981
2017-05-28 16:00:00,274.241821289,78560.3203125,5.47833251953
2017-05-28 17:00:00,272.729370117,78526.1171875,5.26491165161
2017-05-28 18:00:00,271.075927734,78484.4375,5.44097995758
2017-05-28 19:00:00,270.340545654,78457.109375,5.70734071732
2017-05-28 20:00:00,271.070281982,78449.296875,5.9449095726
2017-05-28 21:00:00,272.831207275,78464.453125,6.05238580704
2017-05-28 22:00:00,273.557525635,78479.53125,5.73046398163
2017-05-28 23:00:00,272.948455811,78486.9296875,5.12183761597
2017-05-29 00:00:00,273.117553711,78506.3671875,4.62385892868
2017-05-29 01:00:00,273.609222412,78514.40625,4.20294523239
2017-05-29 02:00:00,273.94241333,78508.78125,3.90471315384
2017-05-29 03:00:00,274.349365234,78497.921875,3.73867988586
2017-05-29 04:00:00,274.332092285,78484.921875,3.76639461517
2017-05-29 05:00:00,273.569488525,78491.1875,4.03982400894
2017-05-29 06:00:00,273.157867432,78503.65625,4.3449921608
2017-05-29 07:00:00,273.195526123,78491.1171875,4.51523303986
2017-05-29 08:00:00,272.937255859,78471.453125,4.74243164062
2017-05-29 09:00:00,273.088531494,78444.390625,4.87874174118
2017-05-29 10:00:00,273.89364624,78432.3203125,4.89157009125
2017-05-29 11:00:00,274.774475098,78457.2421875,4.97828483582
2017-05-29 12:00:00,274.490142822,78480.59375,5.26881694794
2017-05-29 13:00:00,273.994720459,78499.7421875,5.5107088089
2017-05-29 14:00:00,273.173278809,78519.015625,5.77559137344
2017-05-29 15:00:00,272.732299805,78527.234375,6.1556558609
2017-05-29 16:00:00,272.763214111,78514.9296875,6.45874929428
2017-05-29 17:00:00,273.089996338,78489.9609375,6.82470035553
2017-05-29 18:00:00,272.946136475,78478.0625,7.2987446785
2017-05-29 19:00:00,273.069732666,78481.921875,7.60881137848
2017-05-29 20:00:00,275.158447266,78485.7578125,7.48074579239
2017-05-29 21:00:00,278.372436523,78492.25,7.18417072296
2017-05-29 22:00:00,281.79284668,78503.390625,6.72714519501
2017-05-29 23:00:00,284.213317871,78511.4765625,6.04082155228
2017-05-30 00:00:00,285.5519104,78517.5078125,5.40496921539
2017-05-30 01:00:00,285.374511719,78525.9453125,5.01527786255
2017-05-30 02:00:00,284.185974121,78541.515625,4.86892414093
2017-05-30 03:00:00,282.488250732,78561.9375,4.84694957733
2017-05-30 04:00:00,281.404846191,78569.21875,4.7390537262
2017-05-30 05:00:00,280.692352295,78572.4375,4.61756896973
2017-05-30 06:00:00,279.38104248,78583.2734375,4.57953977585
2017-05-30 07:00:00,277.358428955,78588.8359375,4.57069063187
2017-05-30 08:00:00,275.66015625,78593.9765625,4.52311325073
2017-05-30 09:00:00,274.932250977,78600.4921875,4.40225982666
2017-05-30 10:00:00,273.662475586,78617.109375,4.19944286346
2017-05-30 11:00:00,271.252960205,78641.9921875,3.90248394012
2017-05-30 12:00:00,267.356964111,78682.078125,3.62697434425
2017-05-30 13:00:00,264.765960693,78714.375,3.37193346024
2017-05-30 14:00:00,263.08416748,78742.125,3.22573328018
2017-05-30 15:00:00,261.175476074,78758.9453125,3.13822388649
2017-05-30 16:00:00,258.607025146,78743.140625,3.07142543793
2017-05-30 17:00:00,256.250396729,78701.328125,3.17948532104
2017-05-30 18:00:00,254.742279053,78661.625,3.4339222908
2017-05-30 19:00:00,254.088317871,78650.4609375,3.76948404312
2017-05-30 20:00:00,253.820251465,78665.5546875,4.12600755692
2017-05-30 21:00:00,253.775878906,78699.1640625,4.40496873856
2017-05-30 22:00:00,254.610900879,78726.4765625,4.50142478943
2017-05-30 23:00:00,255.181030273,78756.2890625,4.3882021904
2017-05-31 00:00:00,255.870422363,78776.5390625,4.13483858109
2017-05-31 01:00:00,256.546813965,78801.7734375,4.01198816299
2017-05-31 02:00:00,256.972259521,78826.046875,4.18123197556
2017-05-31 03:00:00,257.284820557,78848.09375,4.56429767609
2017-05-31 04:00:00,257.999542236,78855.7734375,4.83451032639
2017-05-31 05:00:00,258.794769287,78867.8984375,4.9020113945
2017-05-31 06:00:00,259.804382324,78867.703125,4.76629829407
2017-05-31 07:00:00,261.27734375,78840.8125,4.5523557663
2017-05-31 08:00:00,262.739196777,78800.59375,4.25610685349
2017-05-31 09:00:00,264.300201416,78767.1484375,3.96005749702
2017-05-31 10:00:00,265.604919434,78739.640625,3.70939278603
2017-05-31 11:00:00,266.621582031,78738.75,3.47036123276
2017-05-31 12:00:00,266.678527832,78752.40625,3.2993619442
2017-05-31 13:00:00,266.846282959,78768.359375,3.23929858208
2017-05-31 14:00:00,266.207122803,78799.328125,3.34726548195
2017-05-31 15:00:00,265.557800293,78835.546875,3.42024064064
2017-05-31 16:00:00,264.405822754,78828.390625,3.31585669518
2017-05-31 17:00:00,263.298675537,78801.3828125,3.23428869247
2017-05-31 18:00:00,262.124389648,78772.1640625,3.23022198677
2017-05-31 19:00:00,261.256011963,78749.7890625,3.19111347198
2017-05-31 20:00:00,260.361633301,78736.8359375,3.2158946991
2017-05-31 21:00:00,259.164489746,78734.7421875,3.22875332832
2017-05-31 22:00:00,259.525299072,78730.9375,3.10139322281
2017-05-31 23:00:00,259.5,78741.671875,3.04637742043
2017-06-01 00:00:00,259.200836182,78757.09375,2.97228813171
2017-06-01 01:00:00,258.922546387,78762.734375,2.87104845047
2017-06-01 02:00:00,258.957183838,78762.203125,2.79906535149
2017-06-01 03:00:00,258.896148682,78757.515625,2.79723930359
2017-06-01 04:00:00,257.965301514,78757.046875,2.7936398983
2017-06-01 05:00:00,256.921264648,78748.515625,2.79438948631
2017-06-01 06:00:00,256.246887207,78726.421875,2.77056860924
2017-06-01 07:00:00,256.158966064,78694.0625,2.69508194923
2017-06-01 08:00:00,256.403503418,78668.4765625,2.58580470085
2017-06-01 09:00:00,256.856903076,78649.125,2.48392677307
2017-06-01 10:00:00,257.581970215,78648.890625,2.45479750633
2017-06-01 11:00:00,258.470184326,78664.328125,2.45410656929
2017-06-01 12:00:00,259.495300293,78681.2265625,2.42763519287
2017-06-01 13:00:00,261.4921875,78696.1328125,2.37634277344
2017-06-01 14:00:00,262.793060303,78722.1015625,2.39819121361
2017-06-01 15:00:00,263.363891602,78750.359375,2.55123376846
2017-06-01 16:00:00,263.090209961,78726.0859375,2.73503303528
2017-06-01 17:00:00,262.687286377,78677.2421875,2.95944619179
2017-06-01 18:00:00,262.51864624,78629.421875,3.22732877731
2017-06-01 19:00:00,262.460357666,78597.5546875,3.44867658615
2017-06-01 20:00:00,261.891601562,78584.3046875,3.53293204308
2017-06-01 21:00:00,261.908813477,78575.1953125,3.47904419899
2017-06-01 22:00:00,262.443786621,78573.53125,3.41825962067
2017-06-01 23:00:00,262.091186523,78576.5859375,3.36216926575
2017-06-02 00:00:00,262.065887451,78574.9453125,3.29543018341
2017-06-02 01:00:00,262.002502441,78574.234375,3.26301145554
2017-06-02 02:00:00,262.054138184,78576.6875,3.2532145977
2017-06-02 03:00:00,262.04498291,78571.0234375,3.19810414314
2017-06-02 04:00:00,261.648742676,78568.59375,3.09868097305
2017-06-02 05:00:00,260.830810547,78556.0625,3.05895853043
2017-06-02 06:00:00,260.320770264,78527.34375,3.01946043968
2017-06-02 07:00:00,259.316558838,78489.3515625,2.96849060059
2017-06-02 08:00:00,258.376647949,78441.015625,2.90074658394
2017-06-02 09:00:00,257.514190674,78404.2734375,2.81822419167
2017-06-02 10:00:00,256.980712891,78394.53125,2.85016798973
2017-06-02 11:00:00,256.023620605,78409.6875,2.94685983658
2017-06-02 12:00:00,254.996826172,78451.3046875,3.0175037384
2017-06-02 13:00:00,254.624145508,78499.59375,3.09132313728
2017-06-02 14:00:00,254.891784668,78538.4453125,3.09853935242
2017-06-02 15:00:00,255.062988281,78556.0859375,3.1668150425
2017-06-02 16:00:00,254.96270752,78528.765625,3.25814032555
2017-06-02 17:00:00,255.225738525,78485.09375,3.49809241295
2017-06-02 18:00:00,255.732849121,78439.7265625,3.78797769547
2017-06-02 19:00:00,256.275299072,78421.5546875,4.05555820465
2017-06-02 20:00:00,255.96963501,78411.9140625,4.2509431839
2017-06-02 21:00:00,255.986572266,78409.609375,4.34849977493
2017-06-02 22:00:00,256.943969727,78408.578125,4.36216402054
2017-06-02 23:00:00,257.180969238,78439.140625,4.34845161438
2017-06-03 00:00:00,257.066040039,78448.0703125,4.24258947372
2017-06-03 01:00:00,256.836547852,78447.734375,4.24520349503
2017-06-03 02:00:00,256.539611816,78454.421875,4.35339069366
2017-06-03 03:00:00,256.201873779,78463.46875,4.58093833923
2017-06-03 04:00:00,255.581695557,78445.171875,4.69753932953
2017-06-03 05:00:00,255.372070312,78408.6640625,4.87684106827
2017-06-03 06:00:00,254.905761719,78388.9140625,5.22415161133
2017-06-03 07:00:00,253.979064941,78360.421875,5.5791311264
2017-06-03 08:00:00,254.166046143,78328.3359375,5.84412574768
2017-06-03 09:00:00,254.37677002,78325.2734375,6.19696521759
2017-06-03 10:00:00,254.148620605,78356.890625,6.83698940277
2017-06-03 11:00:00,254.767242432,78405.859375,7.30527067184
2017-06-03 12:00:00,255.493164062,78440.671875,7.51377677917
2017-06-03 13:00:00,256.99017334,78465.71875,7.43338727951
2017-06-03 14:00:00,258.708404541,78497.2890625,7.21448040009
2017-06-03 15:00:00,260.534057617,78528.578125,7.00344753265
2017-06-03 16:00:00,259.515380859,78544.5859375,6.68868589401
2017-06-03 17:00:00,258.63949585,78523.9140625,6.37523794174
2017-06-03 18:00:00,258.332397461,78492.4375,6.0480761528
2017-06-03 19:00:00,258.077697754,78468.140625,5.70151185989
2017-06-03 20:00:00,258.116333008,78449.90625,5.33751821518
2017-06-03 21:00:00,258.22869873,78449.109375,5.00693082809
2017-06-03 22:00:00,260.67980957,78440.7265625,4.59662532806
2017-06-03 23:00:00,261.851074219,78434.25,4.23715162277
2017-06-04 00:00:00,262.80267334,78446.140625,4.00187730789
2017-06-04 01:00:00,263.763305664,78470.5546875,3.78139519691
2017-06-04 02:00:00,264.848449707,78479.0625,3.54264855385
2017-06-04 03:00:00,265.501708984,78476.2265625,3.35979223251
2017-06-04 04:00:00,266.337005615,78464.640625,3.28735399246
2017-06-04 05:00:00,267.483978271,78447.171875,3.22045683861
2017-06-04 06:00:00,268.059509277,78437.8984375,3.16710591316
2017-06-04 07:00:00,268.250457764,78421.5625,3.12636375427
2017-06-04 08:00:00,268.850952148,78394.8671875,3.05527663231
2017-06-04 09:00:00,269.907867432,78375.359375,3.00558757782
2017-06-04 10:00:00,271.201171875,78351.46875,2.90198564529
2017-06-04 11:00:00,273.017303467,78369.4375,2.86902022362
2017-06-04 12:00:00,273.728027344,78399.9765625,2.93276572227
2017-06-04 13:00:00,274.753051758,78422.078125,3.01382398605
2017-06-04 14:00:00,276.127624512,78444.46875,3.1338365078
2017-06-04 15:00:00,277.114532471,78448.5078125,3.33385038376
2017-06-04 16:00:00,277.604309082,78422.703125,3.61011648178
2017-06-04 17:00:00,277.995635986,78372.78125,3.88084101677
2017-06-04 18:00:00,278.785980225,78316.234375,4.11703777313
2017-06-04 19:00:00,279.353851318,78287.96875,4.26542568207
2017-06-04 20:00:00,279.054656982,78286.953125,4.28199386597
2017-06-04 21:00:00,279.041473389,78301.453125,4.14153337479
2017-06-04 22:00:00,278.860778809,78314.734375,3.9567425251
2017-06-04 23:00:00,277.915771484,78331.7734375,3.8128683567
2017-06-05 00:00:00,277.686218262,78333.4375,3.65237617493
2017-06-05 01:00:00,277.823577881,78333.5546875,3.52582502365
2017-06-05 02:00:00,277.67980957,78332.3515625,3.50548315048
2017-06-05 03:00:00,277.931640625,78320.1796875,3.53775572777
2017-06-05 04:00:00,279.140136719,78305.609375,3.56771039963
2017-06-05 05:00:00,280.689941406,78290.5234375,3.62542772293
2017-06-05 06:00:00,281.694549561,78292.359375,3.68237304688
2017-06-05 07:00:00,282.97833252,78282.375,3.70224189758
2017-06-05 08:00:00,283.614257812,78254.421875,3.66431498528
2017-06-05 09:00:00,284.680053711,78233.9765625,3.6700797081
2017-06-05 10:00:00,286.484741211,78232.7734375,3.62283658981
2017-06-05 11:00:00,287.47479248,78271.96875,3.51601672173
2017-06-05 12:00:00,288.000854492,78307.9375,3.40575647354
2017-06-05 13:00:00,289.143554688,78322.515625,3.29332304001
2017-06-05 14:00:00,290.387786865,78351.34375,3.23000025749
2017-06-05 15:00:00,291.483123779,78373.53125,3.31569027901
2017-06-05 16:00:00,291.06427002,78361.8828125,3.48669290543
2017-06-05 17:00:00,290.925231934,78333.671875,3.75996279716
2017-06-05 18:00:00,290.753387451,78314.640625,4.12669563293
2017-06-05 19:00:00,290.50982666,78310.578125,4.39703226089
2017-06-05 20:00:00,290.254455566,78311.859375,4.47617292404
2017-06-05 21:00:00,290.031524658,78321.1015625,4.46363592148
2017-06-05 22:00:00,291.714630127,78320.375,4.40616750717
2017-06-05 23:00:00,292.878692627,78337.3671875,4.35238027573
2017-06-06 00:00:00,294.324401855,78364.8046875,4.2691488266
2017-06-06 01:00:00,295.555236816,78381.046875,4.13121747971
2017-06-06 02:00:00,296.271057129,78383.2734375,3.95512580872
2017-06-06 03:00:00,296.043945312,78376.1328125,3.8112950325
2017-06-06 04:00:00,295.443817139,78379.1640625,3.76537632942
2017-06-06 05:00:00,294.652557373,78377.515625,3.82218575478
2017-06-06 06:00:00,293.933105469,78376.0,3.97676753998
2017-06-06 07:00:00,293.458374023,78355.6875,4.12356567383
2017-06-06 08:00:00,293.370269775,78329.65625,4.161901474
2017-06-06 09:00:00,293.339691162,78318.8828125,4.0927939415
2017-06-06 10:00:00,292.842132568,78328.84375,3.96417188644
2017-06-06 11:00:00,292.236206055,78360.53125,3.81609344482
2017-06-06 12:00:00,290.800354004,78394.21875,3.69839572906
2017-06-06 13:00:00,289.637207031,78426.640625,3.66092252731
2017-06-06 14:00:00,288.508605957,78458.8203125,3.74065995216
2017-06-06 15:00:00,287.410491943,78472.6875,3.80968618393
2017-06-06 16:00:00,286.725097656,78447.859375,3.86419510841
2017-06-06 17:00:00,286.279846191,78403.96875,3.96072340012
2017-06-06 18:00:00,286.109924316,78368.8203125,4.18909978867
2017-06-06 19:00:00,285.729370117,78351.8828125,4.45836019516
2017-06-06 20:00:00,285.194488525,78341.0625,4.59875249863
2017-06-06 21:00:00,284.607177734,78328.25,4.57123804092
2017-06-06 22:00:00,284.198455811,78308.3984375,4.41681957245
2017-06-06 23:00:00,283.489349365,78292.125,4.21747779846
2017-06-07 00:00:00,283.229095459,78283.0,4.09039831161
2017-06-07 01:00:00,283.190185547,78259.1484375,4.11762714386
2017-06-07 02:00:00,283.613861084,78261.015625,4.35189437866
2017-06-07 03:00:00,283.682617188,78224.8046875,4.54320335388
2017-06-07 04:00:00,285.620269775,78217.734375,4.74815368652
2017-06-07 05:00:00,286.791809082,78235.609375,5.06238174438
2017-06-07 06:00:00,287.333587646,78241.109375,5.66369771957
2017-06-07 07:00:00,289.140380859,78236.609375,6.27865791321
2017-06-07 08:00:00,291.817230225,78214.6484375,6.5928273201
2017-06-07 09:00:00,294.276611328,78220.015625,6.94027137756
2017-06-07 10:00:00,296.658508301,78242.5078125,7.12566518784
2017-06-07 11:00:00,299.019439697,78287.0625,7.20928382874
2017-06-07 12:00:00,299.905548096,78338.6875,7.3767786026
2017-06-07 13:00:00,300.731994629,78384.75,7.59698295593
2017-06-07 14:00:00,301.783050537,78435.7890625,7.71581268311
2017-06-07 15:00:00,303.132110596,78468.671875,7.71581697464
2017-06-07 16:00:00,301.928466797,78495.3046875,7.75066661835
2017-06-07 17:00:00,298.607849121,78500.6328125,7.74272441864
2017-06-07 18:00:00,294.140686035,78505.125,7.81119298935
2017-06-07 19:00:00,294.019165039,78535.296875,8.01795291901
2017-06-07 20:00:00,297.598236084,78583.28125,8.0470085144
2017-06-07 21:00:00,300.536132812,78630.921875,8.09373474121
2017-06-07 22:00:00,303.577911377,78660.8828125,8.03311729431
2017-06-07 23:00:00,306.684631348,78741.3046875,7.9491648674
2017-06-08 00:00:00,308.591033936,78785.984375,7.5490527153
2017-06-08 01:00:00,308.385101318,78826.015625,7.23855209351
2017-06-08 02:00:00,308.186248779,78856.859375,7.01802635193
2017-06-08 03:00:00,307.57989502,78893.78125,6.83637809753
2017-06-08 04:00:00,307.079772949,78904.453125,6.62159633636
2017-06-08 05:00:00,304.881744385,78896.859375,6.51845598221
2017-06-08 06:00:00,302.372802734,78881.53125,6.43281936646
2017-06-08 07:00:00,300.697692871,78863.0703125,6.24348545074
2017-06-08 08:00:00,300.274475098,78867.90625,6.08761501312
2017-06-08 09:00:00,301.476959229,78865.1015625,5.67998600006
2017-06-08 10:00:00,300.162475586,78839.3359375,5.01852560043
2017-06-08 11:00:00,296.14755249,78831.515625,4.47337818146
2017-06-08 12:00:00,291.031616211,78877.03125,4.25485801697
2017-06-08 13:00:00,286.905670166,78923.0703125,4.21423006058
2017-06-08 14:00:00,283.730895996,78956.890625,4.29112195969
2017-06-08 15:00:00,282.447937012,78995.3359375,4.51346492767
2017-06-08 16:00:00,282.737976074,78997.1640625,4.79439115524
2017-06-08 17:00:00,283.218536377,78952.640625,5.18707990646
2017-06-08 18:00:00,282.526550293,78923.96875,5.76546382904
2017-06-08 19:00:00,279.770599365,78913.328125,6.44531917572
2017-06-08 20:00:00,276.989227295,78906.015625,6.99059724808
2017-06-08 21:00:00,275.654998779,78891.4765625,7.19761371613
2017-06-08 22:00:00,275.822998047,78879.984375,7.26601076126
2017-06-08 23:00:00,275.791137695,78869.6484375,6.90075826645
2017-06-09 00:00:00,275.757232666,78874.6875,6.40861272812
2017-06-09 01:00:00,276.124481201,78877.0078125,5.94380664825
2017-06-09 02:00:00,275.624694824,78889.3046875,5.87142705917
2017-06-09 03:00:00,274.633178711,78908.09375,6.080327034
2017-06-09 04:00:00,273.037780762,78932.2109375,6.21110105515
2017-06-09 05:00:00,270.736541748,78934.90625,6.16402101517
2017-06-09 06:00:00,269.928649902,78914.53125,6.16780042648
2017-06-09 07:00:00,269.136138916,78893.34375,6.31813621521
2017-06-09 08:00:00,269.077941895,78874.5703125,6.52914714813
2017-06-09 09:00:00,269.175933838,78838.8046875,6.58930921555
2017-06-09 10:00:00,269.047576904,78829.828125,6.47362661362
2017-06-09 11:00:00,269.012420654,78844.2109375,6.14116287231
2017-06-09 12:00:00,268.02154541,78858.4765625,5.6973991394
2017-06-09 13:00:00,266.989074707,78869.9765625,5.30835056305
2017-06-09 14:00:00,265.725341797,78884.484375,5.00918388367
2017-06-09 15:00:00,264.513397217,78885.015625,4.81355190277
2017-06-09 16:00:00,262.600769043,78852.03125,4.69406080246
2017-06-09 17:00:00,261.706451416,78798.1015625,4.71517276764
2017-06-09 18:00:00,261.902526855,78752.2890625,4.8456530571
2017-06-09 19:00:00,262.765838623,78731.515625,5.01323366165
2017-06-09 20:00:00,263.695098877,78723.7578125,5.1182847023
2017-06-09 21:00:00,264.332122803,78720.0703125,5.08465337753
2017-06-09 22:00:00,265.868469238,78714.875,4.83021593094
2017-06-09 23:00:00,266.394439697,78719.125,4.44876527786
2017-06-10 00:00:00,266.713500977,78733.921875,4.08682107925
2017-06-10 01:00:00,266.71963501,78742.09375,3.76196217537
2017-06-10 02:00:00,266.440795898,78735.3203125,3.47712016106
2017-06-10 03:00:00,266.218078613,78727.2421875,3.24988627434
2017-06-10 04:00:00,266.915679932,78716.5078125,3.0942773819
2017-06-10 05:00:00,267.925933838,78694.0234375,2.94564247131
2017-06-10 06:00:00,267.979309082,78655.90625,2.80876970291
2017-06-10 07:00:00,267.660949707,78590.96875,2.69827866554
2017-06-10 08:00:00,267.641296387,78529.0546875,2.6258661747
2017-06-10 09:00:00,267.780761719,78480.375,2.58177351952
2017-06-10 10:00:00,268.844482422,78471.9140625,2.5463848114
2017-06-10 11:00:00,270.777099609,78498.5078125,2.54621648788
2017-06-10 12:00:00,272.475952148,78537.6640625,2.58815431595
2017-06-10 13:00:00,274.719116211,78573.0078125,2.6526658535
2017-06-10 14:00:00,276.854400635,78603.0859375,2.7375369072
2017-06-10 15:00:00,278.68548584,78611.0859375,2.88286542892
2017-06-10 16:00:00,278.538787842,78576.9296875,3.06844043732
2017-06-10 17:00:00,277.89855957,78514.375,3.30408668518
2017-06-10 18:00:00,276.835296631,78459.8203125,3.6003818512
2017-06-10 19:00:00,275.746032715,78432.5390625,3.91782474518
2017-06-10 20:00:00,274.988189697,78417.4609375,4.13087511063
2017-06-10 21:00:00,275.315002441,78404.859375,4.14294195175
2017-06-10 22:00:00,278.176818848,78398.3046875,4.04554414749
2017-06-10 23:00:00,279.866088867,78413.9921875,3.92846798897
2017-06-11 00:00:00,280.48260498,78439.4375,3.88088703156
2017-06-11 01:00:00,280.548217773,78459.9296875,3.88500761986
2017-06-11 02:00:00,279.488708496,78474.984375,3.90591144562
2017-06-11 03:00:00,276.634490967,78484.203125,3.92588734627
2017-06-11 04:00:00,273.191986084,78491.03125,3.88989782333
2017-06-11 05:00:00,272.951721191,78490.0546875,3.84826207161
2017-06-11 06:00:00,272.471008301,78493.7109375,3.8295378685
2017-06-11 07:00:00,271.555908203,78487.2734375,3.78305149078
2017-06-11 08:00:00,270.291534424,78479.9453125,3.70254397392
2017-06-11 09:00:00,269.589294434,78472.78125,3.62961864471
2017-06-11 10:00:00,269.900634766,78481.71875,3.61501049995
2017-06-11 11:00:00,270.927124023,78513.84375,3.62652111053
2017-06-11 12:00:00,271.598968506,78555.6640625,3.64677381516
2017-06-11 13:00:00,271.742218018,78595.453125,3.6731095314
2017-06-11 14:00:00,270.884765625,78633.7734375,3.74028110504
2017-06-11 15:00:00,269.864807129,78649.921875,3.885679245
2017-06-11 16:00:00,268.637817383,78634.7734375,4.01655769348
2017-06-11 17:00:00,268.076629639,78600.96875,4.19247102737
2017-06-11 18:00:00,267.890899658,78569.140625,4.40719223022
2017-06-11 19:00:00,268.096588135,78556.9453125,4.62224674225
2017-06-11 20:00:00,268.182739258,78554.2734375,4.7377281189
2017-06-11 21:00:00,268.157745361,78565.1015625,4.66045427322
2017-06-11 22:00:00,268.764526367,78577.6796875,4.41306734085
2017-06-11 23:00:00,267.73739624,78601.234375,4.11043405533
2017-06-12 00:00:00,266.394958496,78626.671875,3.88524889946
2017-06-12 01:00:00,264.975219727,78646.0078125,3.78870558739
2017-06-12 02:00:00,264.281524658,78644.8515625,3.6850605011
2017-06-12 03:00:00,264.369140625,78635.3671875,3.60312056541
2017-06-12 04:00:00,264.566741943,78619.4609375,3.54853773117
2017-06-12 05:00:00,264.413269043,78595.2109375,3.48706459999
2017-06-12 06:00:00,264.121398926,78570.1328125,3.4709713459
2017-06-12 07:00:00,263.956390381,78543.15625,3.545794487
2017-06-12 08:00:00,263.551269531,78521.90625,3.64887332916
2017-06-12 09:00:00,262.887176514,78496.0078125,3.71312975883
2017-06-12 10:00:00,263.078491211,78480.125,3.85927629471
2017-06-12 11:00:00,264.536315918,78500.75,4.09069681168
2017-06-12 12:00:00,266.209381104,78547.546875,4.39655637741
2017-06-12 13:00:00,267.914398193,78567.765625,4.51855564117
2017-06-12 14:00:00,268.790374756,78564.59375,4.49840450287
2017-06-12 15:00:00,269.140014648,78548.1484375,4.58017158508
2017-06-12 16:00:00,268.750183105,78523.390625,4.72987318039
2017-06-12 17:00:00,267.838684082,78481.953125,4.95242261887
2017-06-12 18:00:00,268.412719727,78441.515625,5.15008831024
2017-06-12 19:00:00,269.610626221,78433.671875,5.40847301483
2017-06-12 20:00:00,270.005310059,78450.625,5.57111215591
2017-06-12 21:00:00,270.657867432,78455.578125,5.246758461
2017-06-12 22:00:00,271.967834473,78447.328125,4.81542634964
2017-06-12 23:00:00,272.920440674,78495.4453125,4.87705659866
2017-06-13 00:00:00,272.640197754,78534.7734375,4.83771467209
2017-06-13 01:00:00,272.132049561,78569.1484375,4.68908500671
2017-06-13 02:00:00,271.802764893,78600.5,4.4742102623
2017-06-13 03:00:00,270.169067383,78624.8359375,4.2283782959
2017-06-13 04:00:00,268.450073242,78638.3984375,4.07632541656
2017-06-13 05:00:00,267.078216553,78637.1640625,3.84755063057
2017-06-13 06:00:00,265.663635254,78628.0234375,3.53765964508
2017-06-13 07:00:00,265.406616211,78597.515625,3.22561836243
2017-06-13 08:00:00,264.301086426,78559.046875,2.82212305069
2017-06-13 09:00:00,263.542541504,78523.0,2.6054494381
2017-06-13 10:00:00,263.155334473,78517.7578125,2.68820858002
2017-06-13 11:00:00,262.657989502,78541.203125,2.68390154839
2017-06-13 12:00:00,261.272216797,78564.515625,2.70025062561
2017-06-13 13:00:00,260.058898926,78570.4375,2.7641017437
2017-06-13 14:00:00,259.123413086,78573.359375,2.89615321159
2017-06-13 15:00:00,259.346618652,78577.8515625,2.95837211609
2017-06-13 16:00:00,259.041503906,78567.28125,2.98132920265
2017-06-13 17:00:00,258.305389404,78494.453125,3.14099788666
2017-06-13 18:00:00,257.201171875,78441.5546875,3.50592184067
2017-06-13 19:00:00,256.452148438,78426.875,3.83775281906
2017-06-13 20:00:00,255.534576416,78436.828125,3.9401512146
2017-06-13 21:00:00,254.392272949,78461.7890625,3.81080102921
2017-06-13 22:00:00,254.454376221,78504.5,3.57988023758
2017-06-13 23:00:00,253.946655273,78544.9140625,3.16447734833
2017-06-14 00:00:00,253.40914917,78585.6328125,2.79398131371
2017-06-14 01:00:00,252.706298828,78598.8125,2.55139708519
2017-06-14 02:00:00,251.746459961,78580.6953125,2.47382998466
2017-06-14 03:00:00,250.908416748,78552.0,2.55060958862
2017-06-14 04:00:00,250.892669678,78525.296875,2.74951410294
2017-06-14 05:00:00,251.258178711,78486.9453125,3.025649786
2017-06-14 06:00:00,251.603912354,78451.8125,3.28331494331
2017-06-14 07:00:00,252.188140869,78423.484375,3.39551544189
2017-06-14 08:00:00,252.877227783,78393.59375,3.25969004631
2017-06-14 09:00:00,253.407623291,78385.421875,2.94904565811
2017-06-14 10:00:00,253.753234863,78395.0,2.96164631844
2017-06-14 11:00:00,253.840270996,78443.3515625,3.0630569458
2017-06-14 12:00:00,253.598937988,78492.03125,3.18395400047
2017-06-14 13:00:00,253.987640381,78518.234375,3.21493244171
2017-06-14 14:00:00,254.309631348,78560.4375,3.22730517387
2017-06-14 15:00:00,254.226989746,78591.0625,3.32368063927
2017-06-14 16:00:00,252.630310059,78583.265625,3.53141784668
2017-06-14 17:00:00,251.309509277,78565.1640625,3.86814045906
2017-06-14 18:00:00,249.744689941,78555.203125,4.11999368668
2017-06-14 19:00:00,248.256988525,78525.671875,4.14137554169
2017-06-14 20:00:00,246.791442871,78501.71875,4.03977680206
2017-06-14 21:00:00,245.898529053,78488.734375,3.79768586159
2017-06-14 22:00:00,246.7734375,78472.421875,3.39062452316
2017-06-14 23:00:00,247.241516113,78485.765625,2.97081136703
2017-06-15 00:00:00,247.740203857,78545.4609375,2.83402729034
2017-06-15 01:00:00,247.616699219,78592.875,2.78495454788
2017-06-15 02:00:00,247.640228271,78602.109375,2.68012356758
2017-06-15 03:00:00,247.66506958,78594.953125,2.53134655952
2017-06-15 04:00:00,247.356872559,78591.65625,2.49101638794
2017-06-15 05:00:00,247.008026123,78578.7421875,2.53178453445
2017-06-15 06:00:00,246.518615723,78551.53125,2.51012086868
2017-06-15 07:00:00,245.823150635,78496.4375,2.41044187546
2017-06-15 08:00:00,245.531280518,78454.3984375,2.33414077759
2017-06-15 09:00:00,245.564697266,78434.7890625,2.3027985096
2017-06-15 10:00:00,244.850799561,78444.109375,2.28606295586
2017-06-15 11:00:00,244.230529785,78484.8359375,2.33660507202
2017-06-15 12:00:00,242.861053467,78518.4453125,2.51714849472
2017-06-15 13:00:00,242.355560303,78538.8359375,2.80730962753
2017-06-15 14:00:00,242.184875488,78553.0703125,3.17765021324
2017-06-15 15:00:00,242.606994629,78550.5625,3.63383150101
2017-06-15 16:00:00,243.185668945,78522.359375,4.21019744873
2017-06-15 17:00:00,243.448272705,78483.359375,4.80990171432
2017-06-15 18:00:00,242.831726074,78461.7265625,5.35304880142
2017-06-15 19:00:00,242.044677734,78462.875,5.72828102112
2017-06-15 20:00:00,241.780853271,78470.765625,5.89065265656
2017-06-15 21:00:00,242.460388184,78475.71875,5.87917900085
2017-06-15 22:00:00,244.12789917,78466.359375,5.7465672493
2017-06-15 23:00:00,245.247070312,78461.609375,5.65685176849
2017-06-16 00:00:00,246.703857422,78451.296875,5.54744338989
2017-06-16 01:00:00,248.221405029,78436.84375,5.43787622452
2017-06-16 02:00:00,248.939147949,78415.96875,5.36933422089
2017-06-16 03:00:00,249.20892334,78392.921875,5.37502861023
2017-06-16 04:00:00,250.563110352,78400.328125,5.43939256668
2017-06-16 05:00:00,252.955871582,78406.4921875,5.3182759285
2017-06-16 06:00:00,254.327880859,78388.734375,5.06986999512
2017-06-16 07:00:00,256.247711182,78364.2890625,4.81757974625
2017-06-16 08:00:00,258.602325439,78356.765625,4.66303491592
2017-06-16 09:00:00,260.821899414,78348.890625,4.77808237076
2017-06-16 10:00:00,262.686706543,78347.8125,5.04365873337
2017-06-16 11:00:00,264.692718506,78355.765625,5.22135591507
2017-06-16 12:00:00,264.70916748,78362.40625,5.42640829086
2017-06-16 13:00:00,264.83190918,78370.296875,5.53379869461
2017-06-16 14:00:00,265.636779785,78376.734375,5.74860620499
2017-06-16 15:00:00,266.784606934,78374.53125,6.06108379364
2017-06-16 16:00:00,266.728790283,78367.5625,6.53162288666
2017-06-16 17:00:00,265.96194458,78359.8046875,7.27754592896
2017-06-16 18:00:00,264.653656006,78344.4375,8.1446428299
2017-06-16 19:00:00,264.27142334,78337.40625,8.87099170685
2017-06-16 20:00:00,265.497467041,78340.96875,9.15588092804
2017-06-16 21:00:00,267.251953125,78355.390625,9.33536815643
2017-06-16 22:00:00,269.284637451,78372.1796875,9.37038326263
2017-06-16 23:00:00,269.204101562,78388.234375,9.44453811646
2017-06-17 00:00:00,269.057922363,78415.09375,9.56560516357
2017-06-17 01:00:00,269.716400146,78434.1640625,9.55779743195
2017-06-17 02:00:00,270.046447754,78437.046875,9.63985443115
2017-06-17 03:00:00,269.480316162,78425.5,9.57344341278
2017-06-17 04:00:00,269.360961914,78401.328125,9.48754024506
2017-06-17 05:00:00,269.961181641,78383.9375,9.43249225616
2017-06-17 06:00:00,270.635162354,78378.53125,9.35413551331
2017-06-17 07:00:00,270.815429688,78367.265625,9.17433071136
2017-06-17 08:00:00,272.358062744,78371.09375,8.89704608917
2017-06-17 09:00:00,272.140380859,78385.5546875,8.52981853485
2017-06-17 10:00:00,271.775268555,78388.8984375,7.97688341141
2017-06-17 11:00:00,269.933380127,78447.5078125,7.56847763062
2017-06-17 12:00:00,267.364196777,78516.578125,7.15433502197
2017-06-17 13:00:00,266.838806152,78580.4921875,6.66026735306
2017-06-17 14:00:00,268.412475586,78620.34375,6.06452417374
2017-06-17 15:00:00,269.193115234,78631.7734375,5.49416875839
2017-06-17 16:00:00,268.747619629,78636.2265625,5.20495223999
2017-06-17 17:00:00,269.565155029,78593.53125,4.9119052887
2017-06-17 18:00:00,269.937164307,78539.734375,4.67544841766
2017-06-17 19:00:00,270.958007812,78517.875,4.58148622513
2017-06-17 20:00:00,268.957000732,78503.6328125,4.55763244629
2017-06-17 21:00:00,265.250396729,78500.515625,4.45214509964
2017-06-17 22:00:00,264.010650635,78509.96875,4.25865650177
2017-06-17 23:00:00,263.801208496,78525.2421875,3.98501634598
2017-06-18 00:00:00,264.125061035,78546.7421875,3.72733616829
2017-06-18 01:00:00,264.718444824,78573.5,3.46161913872
2017-06-18 02:00:00,265.074188232,78576.0703125,3.13655877113
2017-06-18 03:00:00,265.081268311,78574.328125,2.82867336273
2017-06-18 04:00:00,265.770080566,78565.34375,2.60450291634
2017-06-18 05:00:00,266.58895874,78548.0703125,2.47091364861
2017-06-18 06:00:00,267.187866211,78519.1328125,2.47878575325
2017-06-18 07:00:00,267.117340088,78489.828125,2.57484030724
2017-06-18 08:00:00,266.792114258,78470.2109375,2.7168033123
2017-06-18 09:00:00,267.349182129,78469.0234375,2.86179661751
2017-06-18 10:00:00,269.065032959,78484.0703125,2.86462426186
2017-06-18 11:00:00,271.445739746,78504.140625,2.53690123558
2017-06-18 12:00:00,273.249572754,78538.59375,2.10815620422
2017-06-18 13:00:00,275.041473389,78569.21875,1.86295711994
2017-06-18 14:00:00,276.317138672,78624.4140625,1.84448194504
2017-06-18 15:00:00,277.704437256,78668.015625,1.91596150398
2017-06-18 16:00:00,278.380004883,78675.8203125,1.97338378429
2017-06-18 17:00:00,278.826049805,78669.1171875,2.1019654274
2017-06-18 18:00:00,279.45489502,78659.5625,2.28167772293
2017-06-18 19:00:00,279.46975708,78657.71875,2.38662910461
2017-06-18 20:00:00,279.483673096,78650.40625,2.29579424858
2017-06-18 21:00:00,281.27633667,78639.1484375,2.04117703438
2017-06-18 22:00:00,283.171783447,78644.0,1.68129813671
2017-06-18 23:00:00,283.322418213,78658.921875,1.29398012161
2017-06-19 00:00:00,282.216888428,78668.9765625,0.990642726421
2017-06-19 01:00:00,280.370391846,78657.546875,0.805462181568
2017-06-19 02:00:00,278.320007324,78633.109375,0.717777609825
2017-06-19 03:00:00,276.58883667,78608.171875,0.671471953392
2017-06-19 04:00:00,274.602233887,78585.7421875,0.642260491848
2017-06-19 05:00:00,272.530761719,78564.6875,0.637064397335
2017-06-19 06:00:00,271.623443604,78567.078125,0.672417998314
2017-06-19 07:00:00,272.10848999,78557.03125,0.749240636826
2017-06-19 08:00:00,272.317779541,78545.9921875,0.81111741066
2017-06-19 09:00:00,272.338378906,78530.8671875,0.857443034649
2017-06-19 10:00:00,272.227050781,78521.9296875,0.972107470036
2017-06-19 11:00:00,272.183166504,78529.890625,1.10848605633
2017-06-19 12:00:00,270.973693848,78545.90625,1.23049652576
2017-06-19 13:00:00,269.70602417,78564.09375,1.41631436348
2017-06-19 14:00:00,268.795959473,78588.6171875,1.63902258873
2017-06-19 15:00:00,268.359649658,78606.40625,1.89634978771
2017-06-19 16:00:00,267.005859375,78606.59375,2.21134901047
2017-06-19 17:00:00,266.840881348,78567.3515625,2.58462715149
2017-06-19 18:00:00,266.88973999,78531.015625,2.95125985146
2017-06-19 19:00:00,266.004486084,78509.75,3.25805521011
2017-06-19 20:00:00,265.050231934,78491.2578125,3.53942847252
2017-06-19 21:00:00,264.928771973,78484.8359375,3.59444594383
2017-06-19 22:00:00,265.737365723,78470.03125,3.47754359245
2017-06-19 23:00:00,266.252838135,78497.515625,3.3993024826
2017-06-20 00:00:00,267.785980225,78509.7421875,3.47341823578
2017-06-20 01:00:00,269.354064941,78526.7890625,3.49613833427
2017-06-20 02:00:00,269.206604004,78522.25,3.5967335701
2017-06-20 03:00:00,267.779968262,78519.734375,3.70584964752
2017-06-20 04:00:00,267.71484375,78500.2265625,3.72812819481
2017-06-20 05:00:00,268.600524902,78452.2734375,3.84905648232
2017-06-20 06:00:00,268.87210083,78409.4453125,3.95814347267
2017-06-20 07:00:00,268.316711426,78374.0,3.84820389748
2017-06-20 08:00:00,268.411102295,78344.171875,3.3738925457
2017-06-20 09:00:00,268.235473633,78317.515625,2.67405748367
2017-06-20 10:00:00,269.084472656,78321.90625,2.67729592323
2017-06-20 11:00:00,270.827331543,78339.1328125,2.8380112648
2017-06-20 12:00:00,271.325927734,78353.4375,2.97535228729
2017-06-20 13:00:00,272.558868408,78383.15625,3.04723191261
2017-06-20 14:00:00,273.632751465,78422.53125,3.08155918121
2017-06-20 15:00:00,273.865081787,78445.828125,3.18589353561
2017-06-20 16:00:00,274.497772217,78454.71875,3.30900549889
2017-06-20 17:00:00,275.397796631,78487.9921875,3.51645326614
2017-06-20 18:00:00,276.578216553,78469.359375,3.62866210938
2017-06-20 19:00:00,277.630889893,78433.828125,3.64407777786
2017-06-20 20:00:00,278.446716309,78394.3359375,3.60028123856
2017-06-20 21:00:00,278.831176758,78406.046875,3.63402056694
2017-06-20 22:00:00,277.347869873,78441.234375,3.65469908714
2017-06-20 23:00:00,275.518188477,78458.5625,3.48262238503
2017-06-21 00:00:00,274.118469238,78457.1484375,3.24385881424
2017-06-21 01:00:00,273.477233887,78483.84375,3.21419000626
2017-06-21 02:00:00,273.055755615,78509.421875,3.27935886383
2017-06-21 03:00:00,273.171875,78509.75,3.34374523163
2017-06-21 04:00:00,274.251098633,78502.046875,3.39682602882
2017-06-21 05:00:00,275.87298584,78473.9609375,3.46774721146
2017-06-21 06:00:00,277.303436279,78463.59375,3.55063176155
2017-06-21 07:00:00,277.511138916,78434.6875,3.67678141594
2017-06-21 08:00:00,277.479858398,78391.484375,3.58835315704
2017-06-21 09:00:00,278.088592529,78364.71875,3.57521390915
2017-06-21 10:00:00,278.171569824,78353.375,3.5681271553
2017-06-21 11:00:00,278.138519287,78366.453125,3.61706995964
2017-06-21 12:00:00,278.06628418,78387.5390625,3.67299580574
2017-06-21 13:00:00,278.651794434,78415.90625,3.74081778526
2017-06-21 14:00:00,279.668670654,78437.3515625,3.77612376213
2017-06-21 15:00:00,281.156646729,78429.25,3.75761699677
2017-06-21 16:00:00,281.720855713,78397.703125,3.73653793335
2017-06-21 17:00:00,282.146850586,78387.390625,3.82596826553
2017-06-21 18:00:00,281.545257568,78333.953125,4.00055551529
2017-06-21 19:00:00,281.133148193,78314.7265625,4.38444805145
2017-06-21 20:00:00,281.19052124,78330.9140625,4.47557401657
2017-06-21 21:00:00,281.78729248,78346.3515625,4.15437793732
2017-06-21 22:00:00,283.534545898,78389.1875,4.09039497375
2017-06-21 23:00:00,283.125061035,78440.6015625,4.29517841339
2017-06-22 00:00:00,284.28427124,78371.359375,4.46886634827
2017-06-22 01:00:00,285.870391846,78378.328125,4.86931419373
2017-06-22 02:00:00,286.898284912,78420.4453125,5.13119411469
2017-06-22 03:00:00,286.47833252,78367.3046875,4.91425943375
2017-06-22 04:00:00,286.629089355,78312.8515625,4.57575416565
2017-06-22 05:00:00,284.721191406,78298.3984375,4.31531095505
2017-06-22 06:00:00,282.830566406,78341.8203125,4.29175615311
2017-06-22 07:00:00,282.020446777,78362.0859375,4.40494298935
2017-06-22 08:00:00,282.326934814,78339.5,4.40514135361
2017-06-22 09:00:00,282.38458252,78307.890625,4.3885011673
2017-06-22 10:00:00,282.560455322,78306.859375,4.62065029144
2017-06-22 11:00:00,283.046142578,78321.96875,4.84512472153
2017-06-22 12:00:00,283.266113281,78336.5,5.01948833466
2017-06-22 13:00:00,284.231384277,78348.5390625,5.20299196243
2017-06-22 14:00:00,283.99597168,78360.140625,5.48753261566
2017-06-22 15:00:00,282.969421387,78368.3359375,5.94504785538
2017-06-22 16:00:00,281.69342041,78360.3203125,6.44455003738
2017-06-22 17:00:00,280.320404053,78355.3515625,6.94330406189
2017-06-22 18:00:00,279.064147949,78345.6796875,7.3573551178
2017-06-22 19:00:00,278.581542969,78345.5390625,7.77554798126
2017-06-22 20:00:00,277.9921875,78372.015625,8.21499633789
2017-06-22 21:00:00,277.574859619,78418.0078125,8.65240764618
2017-06-22 22:00:00,277.980682373,78430.8984375,8.9645614624
2017-06-22 23:00:00,278.168823242,78440.2890625,9.12455272675
2017-06-23 00:00:00,278.38973999,78438.125,9.09690761566
2017-06-23 01:00:00,279.030059814,78400.125,8.72151947021
2017-06-23 02:00:00,279.746948242,78350.09375,8.20562076569
2017-06-23 03:00:00,279.300415039,78331.28125,7.94380235672
2017-06-23 04:00:00,279.002410889,78317.4375,7.83254575729
2017-06-23 05:00:00,278.864379883,78304.5546875,7.86210155487
2017-06-23 06:00:00,279.03427124,78298.0,7.95821380615
2017-06-23 07:00:00,279.153442383,78283.96875,7.98609256744
2017-06-23 08:00:00,279.101867676,78258.6640625,7.91385412216
2017-06-23 09:00:00,279.76675415,78234.15625,7.75352287292
2017-06-23 10:00:00,280.311065674,78240.6015625,7.92748832703
2017-06-23 11:00:00,282.078582764,78254.7890625,8.13295269012
2017-06-23 12:00:00,282.093566895,78261.03125,8.27036476135
2017-06-23 13:00:00,280.962341309,78299.921875,8.45454597473
2017-06-23 14:00:00,280.262969971,78319.8046875,8.43544101715
2017-06-23 15:00:00,278.807159424,78306.265625,8.32215976715
2017-06-23 16:00:00,277.514221191,78270.28125,8.15410804749
2017-06-23 17:00:00,277.218383789,78237.671875,8.04498958588
2017-06-23 18:00:00,277.16986084,78214.671875,7.90495967865
2017-06-23 19:00:00,277.413696289,78215.65625,7.67439699173
2017-06-23 20:00:00,279.331390381,78209.75,7.39891529083
2017-06-23 21:00:00,280.128356934,78204.984375,7.20376491547
2017-06-23 22:00:00,281.519714355,78200.3203125,7.22180938721
2017-06-23 23:00:00,281.160430908,78199.9765625,7.01901483536
2017-06-24 00:00:00,280.913024902,78234.5078125,6.93701791763
2017-06-24 01:00:00,281.7684021,78251.765625,6.83164215088
2017-06-24 02:00:00,282.36114502,78255.296875,6.89011049271
2017-06-24 03:00:00,281.997650146,78251.78125,6.9465470314
2017-06-24 04:00:00,281.725097656,78191.3359375,6.68858194351
2017-06-24 05:00:00,281.68359375,78154.9140625,6.75882053375
2017-06-24 06:00:00,281.536499023,78148.6171875,7.02604722977
2017-06-24 07:00:00,281.160125732,78100.3828125,7.03753948212
2017-06-24 08:00:00,280.813720703,78075.90625,6.90852212906
2017-06-24 09:00:00,280.81036377,78059.9140625,6.61667537689
2017-06-24 10:00:00,281.137512207,78064.9609375,6.5150551796
2017-06-24 11:00:00,280.471679688,78115.75,6.4584069252
2017-06-24 12:00:00,279.773468018,78117.171875,6.15735006332
2017-06-24 13:00:00,280.46585083,78140.671875,6.06157064438
2017-06-24 14:00:00,281.771118164,78197.25,6.29588842392
2017-06-24 15:00:00,281.555358887,78232.421875,6.37439489365
2017-06-24 16:00:00,281.340209961,78220.9609375,6.14755630493
2017-06-24 17:00:00,280.468902588,78183.7421875,5.85085868835
2017-06-24 18:00:00,280.39465332,78158.875,5.59008550644
2017-06-24 19:00:00,280.303131104,78153.5078125,5.40921020508
2017-06-24 20:00:00,280.261016846,78131.078125,5.18537378311
2017-06-24 21:00:00,279.852722168,78144.7890625,5.13709211349
2017-06-24 22:00:00,279.597900391,78167.5703125,5.01484584808
2017-06-24 23:00:00,279.5859375,78186.8828125,4.8199505806
2017-06-25 00:00:00,279.826477051,78205.03125,4.65407514572
2017-06-25 01:00:00,279.751983643,78236.2109375,4.6134967804
2017-06-25 02:00:00,280.257354736,78261.8828125,4.70129299164
2017-06-25 03:00:00,281.012451172,78244.90625,4.76626062393
2017-06-25 04:00:00,281.56427002,78200.5,4.83651971817
2017-06-25 05:00:00,282.855224609,78202.8046875,5.04086399078
2017-06-25 06:00:00,284.68661499,78208.15625,5.3262758255
2017-06-25 07:00:00,285.35446167,78199.125,5.61419057846
2017-06-25 08:00:00,286.014648438,78152.6875,5.71437311172
2017-06-25 09:00:00,286.724822998,78097.9609375,5.73412752151
2017-06-25 10:00:00,286.716278076,78102.828125,6.03887701035
2017-06-25 11:00:00,286.282501221,78130.6640625,6.43425989151
2017-06-25 12:00:00,285.36529541,78177.4921875,6.96578884125
2017-06-25 13:00:00,284.855651855,78226.03125,7.44832611084
2017-06-25 14:00:00,284.25491333,78269.171875,7.73744106293
2017-06-25 15:00:00,283.180969238,78308.4140625,7.98149394989
2017-06-25 16:00:00,281.41015625,78306.953125,8.05331611633
2017-06-25 17:00:00,280.942840576,78272.4609375,7.92612028122
2017-06-25 18:00:00,282.371398926,78229.3828125,7.70729017258
2017-06-25 19:00:00,282.948699951,78214.8359375,7.54704523087
2017-06-25 20:00:00,282.495880127,78210.2421875,7.4472990036
2017-06-25 21:00:00,281.483581543,78201.90625,7.37091493607
2017-06-25 22:00:00,280.779052734,78211.4609375,7.29851484299
2017-06-25 23:00:00,279.3777771,78209.7109375,7.23203134537
2017-06-26 00:00:00,278.428924561,78201.2890625,7.23781919479
2017-06-26 01:00:00,278.231872559,78190.8515625,7.38403558731
2017-06-26 02:00:00,278.553070068,78187.4296875,7.6004986763
2017-06-26 03:00:00,278.552062988,78177.765625,7.80153226852
2017-06-26 04:00:00,278.326904297,78153.1328125,7.96351623535
2017-06-26 05:00:00,278.073913574,78132.109375,8.12953090668
2017-06-26 06:00:00,278.229095459,78112.59375,8.34845733643
2017-06-26 07:00:00,279.499755859,78087.1640625,8.56754875183
2017-06-26 08:00:00,281.224365234,78055.0859375,8.6264667511
2017-06-26 09:00:00,283.515686035,78016.046875,8.52916431427
2017-06-26 10:00:00,286.539581299,78007.296875,8.57646179199
2017-06-26 11:00:00,289.038787842,78023.25,8.61589241028
2017-06-26 12:00:00,290.843231201,78042.65625,8.65933132172
2017-06-26 13:00:00,294.320678711,78056.953125,8.8511095047
2017-06-26 14:00:00,296.692382812,78064.90625,9.22223949432
2017-06-26 15:00:00,297.915466309,78073.2578125,9.72617053986
2017-06-26 16:00:00,297.386932373,78069.328125,10.4256277084
2017-06-26 17:00:00,296.679229736,78041.15625,10.9567117691
2017-06-26 18:00:00,296.599243164,77995.953125,11.3664140701
2017-06-26 19:00:00,297.537139893,78013.7890625,11.3579778671
2017-06-26 20:00:00,299.279693604,78041.140625,11.0958023071
2017-06-26 21:00:00,300.431945801,78105.421875,10.7360486984
2017-06-26 22:00:00,303.202331543,78183.3984375,10.4543952942
2017-06-26 23:00:00,305.198272705,78251.625,10.274392128
2017-06-27 00:00:00,305.442138672,78304.171875,10.1607131958
2017-06-27 01:00:00,303.70690918,78350.7265625,9.94552135468
2017-06-27 02:00:00,300.948150635,78404.390625,9.55463695526
2017-06-27 03:00:00,298.090820312,78427.8125,8.97242832184
2017-06-27 04:00:00,295.986053467,78435.8515625,8.51523017883
2017-06-27 05:00:00,294.656677246,78438.734375,8.15561771393
2017-06-27 06:00:00,293.741271973,78450.8828125,7.96389436722
2017-06-27 07:00:00,292.720214844,78466.140625,7.85218381882
2017-06-27 08:00:00,291.672241211,78479.84375,7.59208631516
2017-06-27 09:00:00,290.308044434,78483.6796875,7.20902204514
2017-06-27 10:00:00,288.241424561,78491.96875,6.76748180389
2017-06-27 11:00:00,286.161682129,78513.734375,6.31435728073
2017-06-27 12:00:00,284.41506958,78529.984375,5.73629665375
2017-06-27 13:00:00,284.891418457,78543.953125,5.16993141174
2017-06-27 14:00:00,285.685424805,78559.90625,4.75392484665
2017-06-27 15:00:00,286.712768555,78561.9375,4.62298107147
2017-06-27 16:00:00,287.978302002,78557.578125,4.80263853073
2017-06-27 17:00:00,288.932281494,78527.8046875,5.26552295685
2017-06-27 18:00:00,289.933898926,78496.9375,5.89053153992
2017-06-27 19:00:00,290.540222168,78483.953125,6.32807588577
2017-06-27 20:00:00,290.781585693,78484.546875,6.41216516495
2017-06-27 21:00:00,290.792480469,78498.5,6.20920848846
2017-06-27 22:00:00,290.956115723,78511.3203125,5.77779197693
2017-06-27 23:00:00,290.594177246,78523.6640625,5.16872501373
2017-06-28 00:00:00,290.278106689,78532.359375,4.53036594391
2017-06-28 01:00:00,290.076416016,78540.1484375,4.01888656616
2017-06-28 02:00:00,289.933380127,78547.78125,3.69349908829
2017-06-28 03:00:00,289.90045166,78544.390625,3.48223280907
2017-06-28 04:00:00,289.647064209,78531.6875,3.48115539551
2017-06-28 05:00:00,289.00881958,78516.8515625,3.74767184258
2017-06-28 06:00:00,287.963134766,78520.8671875,4.12551546097
2017-06-28 07:00:00,286.564849854,78517.546875,4.44384813309
2017-06-28 08:00:00,285.289245605,78507.5703125,4.57285308838
2017-06-28 09:00:00,284.492584229,78491.1875,4.45668649673
2017-06-28 10:00:00,284.01473999,78493.5546875,4.22222423553
2017-06-28 11:00:00,283.839599609,78521.90625,3.99307370186
2017-06-28 12:00:00,283.409759521,78556.5,3.82140398026
2017-06-28 13:00:00,283.850128174,78594.609375,3.72286605835
2017-06-28 14:00:00,284.460632324,78637.0625,3.72852563858
2017-06-28 15:00:00,285.119903564,78651.2265625,3.79038357735
2017-06-28 16:00:00,285.684906006,78638.4921875,3.9855659008
2017-06-28 17:00:00,286.354980469,78613.5625,4.20912790298
2017-06-28 18:00:00,286.982147217,78589.203125,4.39671230316
2017-06-28 19:00:00,287.24017334,78578.640625,4.48293066025
2017-06-28 20:00:00,287.027313232,78584.1171875,4.49294614792
2017-06-28 21:00:00,286.747619629,78598.2421875,4.35448598862
2017-06-28 22:00:00,287.727020264,78609.59375,4.08320713043
2017-06-28 23:00:00,288.71875,78626.6640625,3.66931080818
2017-06-29 00:00:00,290.36517334,78642.734375,3.19496655464
2017-06-29 01:00:00,292.69128418,78664.0703125,2.75860691071
2017-06-29 02:00:00,295.208953857,78688.0859375,2.35829496384
2017-06-29 03:00:00,297.397094727,78706.328125,2.03787374496
2017-06-29 04:00:00,299.418029785,78718.2265625,1.81742691994
2017-06-29 05:00:00,300.418579102,78729.7578125,1.65888261795
2017-06-29 06:00:00,300.06628418,78727.4453125,1.51550960541
2017-06-29 07:00:00,299.557922363,78692.4921875,1.37126767635
2017-06-29 08:00:00,299.457427979,78681.59375,1.26970863342
2017-06-29 09:00:00,298.574798584,78681.546875,1.19129157066
2017-06-29 10:00:00,296.535217285,78702.25,1.15243506432
2017-06-29 11:00:00,294.616790771,78743.40625,1.13775849342
2017-06-29 12:00:00,292.612976074,78790.125,1.10623288155
2017-06-29 13:00:00,291.617126465,78837.6875,1.09057700634
2017-06-29 14:00:00,290.522888184,78884.71875,1.15377056599
2017-06-29 15:00:00,289.300384521,78909.0078125,1.26000380516
2017-06-29 16:00:00,288.974334717,78896.3828125,1.42798638344
2017-06-29 17:00:00,288.786590576,78851.0859375,1.68991076946
2017-06-29 18:00:00,289.31439209,78803.71875,1.97948825359
2017-06-29 19:00:00,289.857269287,78770.34375,2.21151208878
2017-06-29 20:00:00,290.882293701,78755.859375,2.33559513092
2017-06-29 21:00:00,291.693359375,78749.7578125,2.31172847748
2017-06-29 22:00:00,292.041625977,78744.734375,2.17144203186
2017-06-29 23:00:00,291.015197754,78758.2109375,1.98721599579
